SMILES,uSMILES,std_name,density(g/cm3),density_std_err(g/cm3),abbreviations,synonyms,tradenames,,,,,,,,,,,,,,,,,,
NC(=O)OC(=C1)SC(=C1),NC(=O)OC1=CC=CS1,Polyurethane,1.58,0.24,,,,,,,,,,,,,,,,,,,,,
*OCCOC(=O)Nc2ccc(Cc1ccc(NC(*)=O)cc1)cc2,O(CCOC(=O)NC1=CC=C(CC2=CC=C(NC(=O)[*])C=C2)C=C1)[*],Polyurethane,1.37,0.12,PU;PUR,"Poly[(diethylene glycol)-alt-(1,6-hexamethylene diisocyanate)];Poly[(tetraethylene glycol)-alt-(1,6-hexamethylene diisocyanate)];Poly[(1,4-butanediol)-alt-(4,4'-diphenylmethane diisocyanate)];Poly[(ethylene glycol)-alt-(4,4'-diphenylmethane diisocyanate)];Poly[(polytetrahydrofuran 1000)-alt-(4,4'-diphenylmethane diisocyanate); Waterborne UV-curable polyurethane]",,,,,,,,,,,,,,,,,,,
NC(=O)OC(=S),NC(=O)OC=S,Polyurethane,1.65,0.47,,,,,,,,,,,,,,,,,,,,,
NC(=O)NC1=CC=C(S1),NC(=O)NC1=CC=CS1,Polyurea,1.76,0.3,,,,,,,,,,,,,,,,,,,,,
NC(=O),NC=O,Polyurea,1.47,0.31,,,,,,,,,,,,,,,,,,,,,
NC(=O)NC(=S),NC(=O)NC=S,Polyurea,1.74,0.35,,,,,,,,,,,,,,,,,,,,,
NC(=O)NO,NC(=O)NO,Polyurea,1.52,0.22,,,,,,,,,,,,,,,,,,,,,
CNC(=S)N,CNC(N)=S,Polythiourea,1.55,0.11,,,,,,,,,,,,,,,,,,,,,
NC(=S)NC(=S),NC(=S)NC=S,Polythiourea,1.58,0.35,,,,,,,,,,,,,,,,,,,,,
NC(=S)NO,NC(=S)NO,Polythiourea,1.63,0.3,,,,,,,,,,,,,,,,,,,,,
C(S1)=CC=C1C(S2)=CC=C2,S1C=CC=C1C2=CC=CS2,Polythiophene,1.51,0.2,,,,,,,,,,,,,,,,,,,,,
C(S1)=CC=C1,S1C=CC=C1,Polythiophene,1.51,0.2,,,,,,,,,,,,,,,,,,,,,
*CC(*)c1ccccc1,C(C(C1=CC=CC=C1)[*])[*],Polystyrene,1.04,0.04,"PS
",polyphenylethene;poly-1-phenylethylene;polyvinylbenzene;poly(1-phenylethene),"Pelaspan;Afcolene;Aim;Amoco;Bextrene;Carinex;Distrene;Dylene;Edistir;Erinoid;Fina;Fostarene;Gedex;Hostyren;Huntsman PS;Lacqrene;Ladene;Lorkalene;Luron;Lustran;Lustrex;Neste PS;Polystyrol;Restirolo;Sicostyrol;Sternite;Stiroplasto;Stymer;Styrodur;Styron;Styvarene;Vestyron;Polystyrol;Polyzote;Pyrochek 68
",,,,,,,,,,,,,,,,,,
C([*])C([*])(CCC),C(C(CCC)[*])[*],Polypentene,0.87,0.04,,,,,,,,,,,,,,,,,,,,,
C([*])C([*])(CCCCCCC),C(C(CCCCCCC)[*])[*],Polynonene,0.87,0.04,,,,,,,,,,,,,,,,,,,,,
C([*])(C)C(=O)O([*]),CC(C(O[*])=O)[*],Polylactic acid,1.31,0.04,PLA,polylactate; polylactide,Nature Works 4031D; Nature Works,,,,,,,,,,,,,,,,,,
CC(S1)=CC=C1C(=O)C(S2)=CC=C2,CC1=CC=C(S1)C(=O)C2=CC=CS2,Polyketone,1.59,0.1,,,,,,,,,,,,,,,,,,,,,
CC(S1)=CC=C1C(=O)C(=S),CC1=CC=C(S1)C(=O)C=S,Polyketone,1.59,0.15,,,,,,,,,,,,,,,,,,,,,
CC(C=C1)=CC=C1C(=O)C(S2)=CC=C2,CC1=CC=C(C=C1)C(=O)C2=CC=CS2,Polyketone,1.4,0.06,,,,,,,,,,,,,,,,,,,,,
CC(C=C1)=CC=C1C(=O)C(C=C2)=CC=C2,CC1=CC=C(C=C1)C(=O)C2=CC=CC=C2,Polyketone,1.2,0.05,,,,,,,,,,,,,,,,,,,,,
CC(C=C1)=CC=C1C(=O)C(=S),CC1=CC=C(C=C1)C(=O)C=S,Polyketone,1.46,0.06,,,,,,,,,,,,,,,,,,,,,
CCCC(=O),CCCC=O,Polyketone,1.12,0.04,,,,,,,,,,,,,,,,,,,,,
CCC(=O)C1=CC=C(S1),CCC(=O)C1=CC=CS1,Polyketone,1.45,0.06,,,,,,,,,,,,,,,,,,,,,
CCC(=O)C(C=C1)=CC=C1,CCC(=O)C1=CC=CC=C1,Polyketone,1.18,0.05,,,,,,,,,,,,,,,,,,,,,
CCC(=O)C(=S),CCC(=O)C=S,Polyketone,1.45,0.06,,,,,,,,,,,,,,,,,,,,,
CC(=O)C1=CC=C(S1)C2=CC=C(S2),CC(=O)C1=CC=C(S1)C2=CC=CS2,Polyketone,1.59,0.1,,,,,,,,,,,,,,,,,,,,,
CC(=O)C1=CC=C(S1)C(C=C2)=CC=C2,CC(=O)C1=CC=C(S1)C2=CC=CC=C2,Polyketone,1.4,0.06,,,,,,,,,,,,,,,,,,,,,
CC(=O)C1=CC=C(S1)C(=O),CC(=O)C1=CC=C(S1)C=O,Polyketone,1.64,0.09,,,,,,,,,,,,,,,,,,,,,
CC(=O)C1=CC=C(S1)C(=S),CC(=O)C1=CC=C(S1)C=S,Polyketone,1.59,0.15,,,,,,,,,,,,,,,,,,,,,
CC(=O)C1=CC=C(S1)O,CC(=O)C1=CC=C(O)S1,Polyketone,1.34,0.09,,,,,,,,,,,,,,,,,,,,,
CC(=O)C(C=C1)=CC=C1C2=CC=C(S2),CC(=O)C1=CC=C(C=C1)C2=CC=CS2,Polyketone,1.4,0.06,,,,,,,,,,,,,,,,,,,,,
CC(=O)C(C=C1)=CC=C1C(C=C2)=CC=C2,CC(=O)C1=CC=C(C=C1)C2=CC=CC=C2,Polyketone,1.2,0.05,,,,,,,,,,,,,,,,,,,,,
CC(=O)C(C=C1)=CC=C1C(=O),CC(=O)C1=CC=C(C=O)C=C1,Polyketone,1.34,0.05,,,,,,,,,,,,,,,,,,,,,
CC(=O)C(C=C1)=CC=C1C(=S),CC(=O)C1=CC=C(C=S)C=C1,Polyketone,1.46,0.06,,,,,,,,,,,,,,,,,,,,,
CC(=O)C(C=C1)=CC=C1O,CC(=O)C1=CC=C(O)C=C1,Polyketone,1.26,0.05,,,,,,,,,,,,,,,,,,,,,
CC(=O)CC1=CC=C(S1),CC(=O)CC1=CC=CS1,Polyketone,1.45,0.06,,,,,,,,,,,,,,,,,,,,,
CC(=O)CC(C=C1)=CC=C1,CC(=O)CC1=CC=CC=C1,Polyketone,1.18,0.05,,,,,,,,,,,,,,,,,,,,,
CC(=O)CC(=O),CC(=O)CC=O,Polyketone,1.36,0.04,,,,,,,,,,,,,,,,,,,,,
CC(=O)CC(=S),CC(=O)CC=S,Polyketone,1.45,0.06,,,,,,,,,,,,,,,,,,,,,
CC(=O)CO,CC(=O)CO,Polyketone,1.31,0.04,,,,,,,,,,,,,,,,,,,,,
CC(=O)C(=S)C1=CC=C(S1),CC(=O)C(=S)C1=CC=CS1,Polyketone,1.59,0.15,,,,,,,,,,,,,,,,,,,,,
CC(=O)C(=S)C(C=C1)=CC=C1,CC(=O)C(=S)C1=CC=CC=C1,Polyketone,1.46,0.06,,,,,,,,,,,,,,,,,,,,,
CC(=O)C(=S)C(=O),CC(=O)C(=S)C=O,Polyketone,1.61,0.18,,,,,,,,,,,,,,,,,,,,,
CC(=O)C(=S)O,CC(=O)C(O)=S,Polyketone,1.59,0.17,,,,,,,,,,,,,,,,,,,,,
CC(=S)C(=O)C(=S),CC(=S)C(=O)C=S,Polyketone,1.54,0.25,,,,,,,,,,,,,,,,,,,,,
CNC1=CC=C(S1)C(=O),CNC1=CC=C(S1)C=O,Polyketone,1.66,0.12,,,,,,,,,,,,,,,,,,,,,
CNCC(=O),CNCC=O,Polyketone,1.26,0.04,,,,,,,,,,,,,,,,,,,,,
C(=O)C1=CC=C(S1)C2=CC=C(S2)C3=CC=C(S3),O=CC1=CC=C(S1)C2=CC=C(S2)C3=CC=CS3,Polyketone,1.6,0.17,,,,,,,,,,,,,,,,,,,,,
C(=O)C1=CC=C(S1)C2=CC=C(S2)C(=S),O=CC1=CC=C(S1)C2=CC=C(S2)C=S,Polyketone,1.58,0.23,,,,,,,,,,,,,,,,,,,,,
C(=O)C1=CC=C(S1)C(C=C2)=CC=C2C3=CC=C(S3),O=CC1=CC=C(S1)C2=CC=C(C=C2)C3=CC=CS3,Polyketone,1.53,0.08,,,,,,,,,,,,,,,,,,,,,
C(=O)C1=CC=C(S1)C(C=C2)=CC=C2C(=S),O=CC1=CC=C(S1)C2=CC=C(C=S)C=C2,Polyketone,1.58,0.1,,,,,,,,,,,,,,,,,,,,,
C(=O)C1=CC=C(S1)C(=O)C2=CC=C(S2),O=CC1=CC=C(S1)C(=O)C2=CC=CS2,Polyketone,1.71,0.15,,,,,,,,,,,,,,,,,,,,,
C(=O)C1=CC=C(S1)C(=O)C(=S),O=CC1=CC=C(S1)C(=O)C=S,Polyketone,1.67,0.24,,,,,,,,,,,,,,,,,,,,,
C(=O)C1=CC=C(S1)C(=S)C2=CC=C(S2),O=CC1=CC=C(S1)C(=S)C2=CC=CS2,Polyketone,1.58,0.23,,,,,,,,,,,,,,,,,,,,,
C(=O)C(C=C1)=CC=C1C2=CC=C(S2)C3=CC=C(S3),O=CC1=CC=C(C=C1)C2=CC=C(S2)C3=CC=CS3,Polyketone,1.53,0.08,,,,,,,,,,,,,,,,,,,,,
C(=O)C(C=C1)=CC=C1C2=CC=C(S2)C(C=C3)=CC=C3,O=CC1=CC=C(C=C1)C2=CC=C(S2)C3=CC=CC=C3,Polyketone,1.36,0.07,,,,,,,,,,,,,,,,,,,,,
C(=O)C(C=C1)=CC=C1C2=CC=C(S2)C(=S),O=CC1=CC=C(C=C1)C2=CC=C(S2)C=S,Polyketone,1.58,0.1,,,,,,,,,,,,,,,,,,,,,
C(=O)C(C=C1)=CC=C1C(C=C2)=CC=C2C3=CC=C(S3),O=CC1=CC=C(C=C1)C2=CC=C(C=C2)C3=CC=CS3,Polyketone,1.36,0.07,,,,,,,,,,,,,,,,,,,,,
C(=O)C(C=C1)=CC=C1C(C=C2)=CC=C2C(C=C3)=CC=C3,O=CC1=CC=C(C=C1)C2=CC=C(C=C2)C3=CC=CC=C3,Polyketone,1.2,0.05,,,,,,,,,,,,,,,,,,,,,
C(=O)C(C=C1)=CC=C1C(C=C2)=CC=C2C(=S),O=CC1=CC=C(C=C1)C2=CC=C(C=S)C=C2,Polyketone,1.41,0.06,,,,,,,,,,,,,,,,,,,,,
C(=O)C(C=C1)=CC=C1C(=O)C2=CC=C(S2),O=CC1=CC=C(C=C1)C(=O)C2=CC=CS2,Polyketone,1.55,0.08,,,,,,,,,,,,,,,,,,,,,
C(=O)C(C=C1)=CC=C1C(=O)C(C=C2)=CC=C2,O=CC1=CC=C(C=C1)C(=O)C2=CC=CC=C2,Polyketone,1.32,0.05,,,,,,,,,,,,,,,,,,,,,
C(=O)C(C=C1)=CC=C1C(=O)C(=S),O=CC1=CC=C(C=C1)C(=O)C=S,Polyketone,1.63,0.09,,,,,,,,,,,,,,,,,,,,,
C(=O)C(C=C1)=CC=C1C(=S)C2=CC=C(S2),O=CC1=CC=C(C=C1)C(=S)C2=CC=CS2,Polyketone,1.58,0.1,,,,,,,,,,,,,,,,,,,,,
C(=O)C(C=C1)=CC=C1C(=S)C(C=C2)=CC=C2,O=CC1=CC=C(C=C1)C(=S)C2=CC=CC=C2,Polyketone,1.41,0.06,,,,,,,,,,,,,,,,,,,,,
C(=O)C(C=C1)=CC=C1OC2=CC=C(S2),O=CC1=CC=C(OC2=CC=CS2)C=C1,Polyketone,1.27,0.08,,,,,,,,,,,,,,,,,,,,,
C(=O)C(C=C1)=CC=C1OC(=S),O=CC1=CC=C(OC=S)C=C1,Polyketone,1.35,0.09,,,,,,,,,,,,,,,,,,,,,
C(=O)C(=S)OC(=S),O=CC(=S)OC=S,Polyketone,1.49,0.49,,,,,,,,,,,,,,,,,,,,,
NC1=CC=C(S1)C(=O)C2=CC=C(S2),NC1=CC=C(S1)C(=O)C2=CC=CS2,Polyketone,1.8,0.22,,,,,,,,,,,,,,,,,,,,,
NC1=CC=C(S1)C(=O)C(=S),NC1=CC=C(S1)C(=O)C=S,Polyketone,1.76,0.25,,,,,,,,,,,,,,,,,,,,,
NC(C=C1)=CC=C1C(=O)C2=CC=C(S2),NC1=CC=C(C=C1)C(=O)C2=CC=CS2,Polyketone,1.57,0.12,,,,,,,,,,,,,,,,,,,,,
NC(C=C1)=CC=C1C(=O)C(C=C2)=CC=C2,NC1=CC=C(C=C1)C(=O)C2=CC=CC=C2,Polyketone,1.3,0.09,,,,,,,,,,,,,,,,,,,,,
NC(C=C1)=CC=C1C(=O)C(=S),NC1=CC=C(C=C1)C(=O)C=S,Polyketone,1.65,0.11,,,,,,,,,,,,,,,,,,,,,
C([*])(C)=CCC([*]),C(CC=C(C)[*])[*],Polyisoprene,0.92,0.04,,"poly(2-methyl-1,3-butadiene)",Pliochlor,,,,,,,,,,,,,,,,,,
CC(=O)NC(=O),CC(=O)NC=O,Polyimide,1.46,0.06,PI; BTDA-ODA; BTDA-PDA; BTDA-mODA; BTDA-mPDA; PFPI; PMDA-ODA,"Poly(3,3',4,4'-benzophenone tetracarboxylic dianhydride-co-m-phenylene-4,4'-oxydianiline); Poly(4,4'-oxybisbenzenamine-co-1,3-benzenediamine-co-5,5'-carbonylbis[1,3-isobenzofurandione]); Poly(5,5'-carbonylbis[1,3-isobenzofurandione]-co-1,3-benzenediamine-co-4,4'-oxybisbenzenamine); Poly(1,3-benzene diamine-co-5,5'-carbonyl bis[1,3-isobenzofurandione]-co-4,4'-oxybisbenzenamine)",Pyralin PI; Pyralin PI-2525; Pyralin PI-2555; Pyralin PI-2556; Eymyd L; PI 2611; PIQ l-100; PMR-II; Polyimide 2080; Polyimide 5218; probimide 400; Pyralin; Pyre; Kapton,,,,,,,,,,,,,,,,,,
NC(=O)C1=CC=C(S1)C(=O),NC(=O)C1=CC=C(S1)C=O,Polyimide,1.63,0.29,,,,,,,,,,,,,,,,,,,,,
C([*])(C)CC(=O)O([*]),CC(CC(O[*])=O)[*],Polyhydroxybutyrate,1.22,0.04,,,,,,,,,,,,,,,,,,,,,
CC(=O)OCC(=O)O,CC(=O)OCC(O)=O,Polyglycolide,1.44,0.05,,,,,,,,,,,,,,,,,,,,,
CC(=O)NCC(=O)N,CC(=O)NCC(N)=O,Polyglycine,1.38,0.05,,,,,,,,,,,,,,,,,,,,,
CCOC(=O)CCCCCCC(=O)O,CCOC(=O)CCCCCCC(O)=O,Polyethylene suberate,1.15,0.04,,,,,,,,,,,,,,,,,,,,,
C(S1)=CC=C1C(S2)=CC=C2C(S3)=CC=C3O,OC1=CC=C(S1)C2=CC=C(S2)C3=CC=CS3,Polyether,1.29,0.22,,,,,,,,,,,,,,,,,,,,,
C(S1)=CC=C1C(S2)=CC=C2OC(=S),S=COC1=CC=C(S1)C2=CC=CS2,Polyether,1.37,0.27,,,,,,,,,,,,,,,,,,,,,
C(S1)=CC=C1OC(S2)=CC=C2O,OC1=CC=C(OC2=CC=CS2)S1,Polyether,0.88,0.35,,,,,,,,,,,,,,,,,,,,,
C(C=C1)=CC=C1C(S2)=CC=C2C(S3)=CC=C3O,OC1=CC=C(S1)C2=CC=C(S2)C3=CC=CC=C3,Polyether,1.27,0.11,,,,,,,,,,,,,,,,,,,,,
C(C=C1)=CC=C1C(S2)=CC=C2C(C=C3)=CC=C3O,OC1=CC=C(C=C1)C2=CC=C(S2)C3=CC=CC=C3,Polyether,1.21,0.07,,,,,,,,,,,,,,,,,,,,,
C(C=C1)=CC=C1C(S2)=CC=C2OC(S3)=CC=C3,O(C1=CC=CS1)C2=CC=C(S2)C3=CC=CC=C3,Polyether,1.28,0.11,,,,,,,,,,,,,,,,,,,,,
C(C=C1)=CC=C1C(C=C2)=CC=C2C(S3)=CC=C3O,OC1=CC=C(S1)C2=CC=C(C=C2)C3=CC=CC=C3,Polyether,1.21,0.07,,,,,,,,,,,,,,,,,,,,,
C(C=C1)=CC=C1C(C=C2)=CC=C2C(C=C3)=CC=C3O,OC1=CC=C(C=C1)C2=CC=C(C=C2)C3=CC=CC=C3,Polyether,1.14,0.05,,,,,,,,,,,,,,,,,,,,,
C(C=C1)=CC=C1OC(S2)=CC=C2O,OC1=CC=C(OC2=CC=CC=C2)S1,Polyether,0.99,0.18,,,,,,,,,,,,,,,,,,,,,
CC(S1)=CC=C1C(S2)=CC=C2O,CC1=CC=C(S1)C2=CC=C(O)S2,Polyether,1.36,0.12,,,,,,,,,,,,,,,,,,,,,
CC(S1)=CC=C1C(C=C2)=CC=C2O,CC1=CC=C(S1)C2=CC=C(O)C=C2,Polyether,1.25,0.06,,,,,,,,,,,,,,,,,,,,,
CC(S1)=CC=C1CO,CC1=CC=C(CO)S1,Polyether,1.4,0.06,,,,,,,,,,,,,,,,,,,,,
CC(S1)=CC=C1OC(S2)=CC=C2,CC1=CC=C(OC2=CC=CS2)S1,Polyether,1.17,0.17,,,,,,,,,,,,,,,,,,,,,
CC(C=C1)=CC=C1CO,CC1=CC=C(CO)C=C1,Polyether,1.13,0.05,,,,,,,,,,,,,,,,,,,,,
CC(C=C1)=CC=C1NO,CC1=CC=C(NO)C=C1,Polyether,1.26,0.06,,,,,,,,,,,,,,,,,,,,,
CC(C=C1)=CC=C1OC2=CC=C(S2),CC1=CC=C(OC2=CC=CS2)C=C1,Polyether,1.15,0.08,,,,,,,,,,,,,,,,,,,,,
CC(C=C1)=CC=C1OC(C=C2)=CC=C2,CC1=CC=C(OC2=CC=CC=C2)C=C1,Polyether,1.11,0.05,,,,,,,,,,,,,,,,,,,,,
CC(C=C1)=CC=C1OC(=S),CC1=CC=C(OC=S)C=C1,Polyether,1.2,0.07,,,,,,,,,,,,,,,,,,,,,
CCC1=CC=C(S1)O,CCC1=CC=C(O)S1,Polyether,1.17,0.08,,,,,,,,,,,,,,,,,,,,,
CCC(C=C1)=CC=C1O,CCC1=CC=C(O)C=C1,Polyether,1.1,0.05,,,,,,,,,,,,,,,,,,,,,
CCON,CCON,Polyether,1.19,0.04,,,,,,,,,,,,,,,,,,,,,
CNC1=CC=C(S1)O,CNC1=CC=C(O)S1,Polyether,1.38,0.11,,,,,,,,,,,,,,,,,,,,,
CNC(C=C1)=CC=C1O,CNC1=CC=C(O)C=C1,Polyether,1.22,0.06,,,,,,,,,,,,,,,,,,,,,
CNCO,CNCO,Polyether,1.19,0.04,,,,,,,,,,,,,,,,,,,,,
CNOC1=CC=C(S1),CNOC1=CC=CS1,Polyether,1.28,0.09,,,,,,,,,,,,,,,,,,,,,
CNOC(C=C1)=CC=C1,CNOC1=CC=CC=C1,Polyether,1.19,0.05,,,,,,,,,,,,,,,,,,,,,
CNOC(=S),CNOC=S,Polyether,1.57,0.13,,,,,,,,,,,,,,,,,,,,,
CNON,CNON,Polyether,1.35,0.05,,,,,,,,,,,,,,,,,,,,,
COC1=CC=C(S1)C(C=C2)=CC=C2,COC1=CC=C(S1)C2=CC=CC=C2,Polyether,1.27,0.06,,,,,,,,,,,,,,,,,,,,,
COC1=CC=C(S1)O,COC1=CC=C(O)S1,Polyether,0.99,0.16,,,,,,,,,,,,,,,,,,,,,
COC(C=C1)=CC=C1O,COC1=CC=C(O)C=C1,Polyether,1.16,0.08,,,,,,,,,,,,,,,,,,,,,
CONC(=O),CONC=O,Polyether,1.47,0.17,,,,,,,,,,,,,,,,,,,,,
CONO,CONO,Polyether,1.41,0.05,,,,,,,,,,,,,,,,,,,,,
C(=O)C1=CC=C(S1)OC2=CC=C(S2),O=CC1=CC=C(OC2=CC=CS2)S1,Polyether,1.26,0.2,,,,,,,,,,,,,,,,,,,,,
C(=O)C1=CC=C(S1)OC(=S),O=CC1=CC=C(OC=S)S1,Polyether,1.33,0.28,,,,,,,,,,,,,,,,,,,,,
NC1=CC=C(S1)OC2=CC=C(S2),NC1=CC=C(OC2=CC=CS2)S1,Polyether,1.39,0.25,,,,,,,,,,,,,,,,,,,,,
NC1=CC=C(S1)OC(=S),NC1=CC=C(OC=S)S1,Polyether,1.43,0.34,,,,,,,,,,,,,,,,,,,,,
NC(C=C1)=CC=C1C(C=C2)=CC=C2O,NC1=CC=C(C=C1)C2=CC=C(O)C=C2,Polyether,1.23,0.06,,,,,,,,,,,,,,,,,,,,,
NC(C=C1)=CC=C1NO,NC1=CC=C(NO)C=C1,Polyether,1.35,0.11,,,,,,,,,,,,,,,,,,,,,
NC(C=C1)=CC=C1OC2=CC=C(S2),NC1=CC=C(OC2=CC=CS2)C=C1,Polyether,1.32,0.12,,,,,,,,,,,,,,,,,,,,,
NC(C=C1)=CC=C1OC(C=C2)=CC=C2,NC1=CC=C(OC2=CC=CC=C2)C=C1,Polyether,1.21,0.1,,,,,,,,,,,,,,,,,,,,,
NC(C=C1)=CC=C1OC(=S),NC1=CC=C(OC=S)C=C1,Polyether,1.41,0.14,,,,,,,,,,,,,,,,,,,,,
NOC(C=C1)=CC=C1O,NOC1=CC=C(O)C=C1,Polyether,1.23,0.12,,,,,,,,,,,,,,,,,,,,,
NOC(=O)O,NOC(O)=O,Polyether,1.51,0.3,,,,,,,,,,,,,,,,,,,,,
CC(S1)=CC=C1C(=O)O,CC1=CC=C(S1)C(O)=O,Polyester,1.62,0.09,,,,,,,,,,,,,,,,,,,,,
CC(C=C1)=CC=C1C(=O)O,CC1=CC=C(C=C1)C(O)=O,Polyester,1.31,0.05,,,,,,,,,,,,,,,,,,,,,
CCC(=O)O,CCC(O)=O,Polyester,1.31,0.04,,,,,,,,,,,,,,,,,,,,,
CC(=O)OC1=CC=C(S1),CC(=O)OC1=CC=CS1,Polyester,1.34,0.09,,,,,,,,,,,,,,,,,,,,,
CC(=O)OC(C=C1)=CC=C1,CC(=O)OC1=CC=CC=C1,Polyester,1.26,0.05,,,,,,,,,,,,,,,,,,,,,
CC(=O)OC(=O),CC(=O)OC=O,Polyester,1.49,0.08,,,,,,,,,,,,,,,,,,,,,
CC(=O)OC(=S),CC(=O)OC=S,Polyester,1.59,0.17,,,,,,,,,,,,,,,,,,,,,
COC(=O)O,COC(O)=O,Polyester,1.49,0.11,,,,,,,,,,,,,,,,,,,,,
C(=O)C1=CC=C(S1)C2=CC=C(S2)O,OC1=CC=C(S1)C2=CC=C(S2)C=O,Polyester,1.47,0.16,,,,,,,,,,,,,,,,,,,,,
C(=O)C1=CC=C(S1)C(C=C2)=CC=C2O,OC1=CC=C(C=C1)C2=CC=C(S2)C=O,Polyester,1.39,0.07,,,,,,,,,,,,,,,,,,,,,
C(=O)C1=CC=C(S1)C(=O)O,OC(=O)C1=CC=C(S1)C=O,Polyester,1.75,0.16,,,,,,,,,,,,,,,,,,,,,
C(=O)C(C=C1)=CC=C1C2=CC=C(S2)O,OC1=CC=C(S1)C2=CC=C(C=O)C=C2,Polyester,1.41,0.07,,,,,,,,,,,,,,,,,,,,,
C(=O)C(C=C1)=CC=C1C(C=C2)=CC=C2O,OC1=CC=C(C=C1)C2=CC=C(C=O)C=C2,Polyester,1.26,0.05,,,,,,,,,,,,,,,,,,,,,
C(=O)C(C=C1)=CC=C1C(=O)O,OC(=O)C1=CC=C(C=O)C=C1,Polyester,1.46,0.06,,,,,,,,,,,,,,,,,,,,,
C(=O)C(C=C1)=CC=C1C(=S)O,OC(=S)C1=CC=C(C=O)C=C1,Polyester,1.61,0.08,,,,,,,,,,,,,,,,,,,,,
C(=O)OC1=CC=C(S1)C(=S),O=COC1=CC=C(S1)C=S,Polyester,1.33,0.28,,,,,,,,,,,,,,,,,,,,,
C(=O)OC1=CC=C(S1)O,OC1=CC=C(OC=O)S1,Polyester,1.21,0.25,,,,,,,,,,,,,,,,,,,,,
C(=O)OC(C=C1)=CC=C1C(=S),O=COC1=CC=C(C=S)C=C1,Polyester,1.35,0.09,,,,,,,,,,,,,,,,,,,,,
C(=O)OC(C=C1)=CC=C1O,OC1=CC=C(OC=O)C=C1,Polyester,1.31,0.14,,,,,,,,,,,,,,,,,,,,,
C(=O)OC(=O)O,OC(=O)OC=O,Polyester,1.39,0.48,,,,,,,,,,,,,,,,,,,,,
C(=O)OC(=S)O,OC(=S)OC=O,Polyester,1.59,0.49,,,,,,,,,,,,,,,,,,,,,
NC1=CC=C(S1)C(=O)O,NC1=CC=C(S1)C(O)=O,Polyester,1.82,0.17,,,,,,,,,,,,,,,,,,,,,
NC(C=C1)=CC=C1C(=O)O,NC1=CC=C(C=C1)C(O)=O,Polyester,1.43,0.07,,,,,,,,,,,,,,,,,,,,,
C([*])(CCCCCCCC)C([*]),C(C(CCCCCCCC)[*])[*],Polydecene,0.87,0.04,,,,,,,,,,,,,,,,,,,,,
C([*])C([*])(C#N)(C(=O)OCC),C(C(C#N)(C(=O)OCC)[*])[*],Polycyanoacrylates,1.31,0.04,,,,,,,,,,,,,,,,,,,,,
C([*])([Cl])(F)C([*])(F)(F),FC(F)(C(F)(Cl)[*])[*],Polychlorotrifluoroethylene,2,0.06,PCTFE; PTFCE,"Poly(1-chloro-1,2,2-trifluoroethylene); Poly(ethylene trifluoride chloride); Polymonochlorotrifluoroethylene; Poly(trifluoroethylene chloride); Poly(trifluorochloroethene); Poly(chlorotrifluoroethene); Poly(trifluorovinyl chloride); Poly(vinyl trifluorochloride)",Kel-F 300; Kel-F 81,,,,,,,,,,,,,,,,,,
C([*])C([Cl])=CC([*]),C(C=C(C[*])Cl)[*],Polychloroprene,1.25,0.05,,,,,,,,,,,,,,,,,,,,,
C(C(Cl)(Cl)(Cl))O,OCC(Cl)(Cl)Cl,polychloral,1.56,0.45,,,,,,,,,,,,,,,,,,,,,
C(S1)=CC=C1C(S2)=CC=C2C(S3)=CC=C3C(=S),S=CC1=CC=C(S1)C2=CC=C(S2)C3=CC=CS3,Polycarbonothioyl,1.49,0.26,,,,,,,,,,,,,,,,,,,,,
C(S1)=CC=C1C(=S)C(S2)=CC=C2O,OC1=CC=C(S1)C(=S)C2=CC=CS2,Polycarbonothioyl,1.2,0.32,,,,,,,,,,,,,,,,,,,,,
C(S1)=CC=C1C(=S)OC(=S),S=COC(=S)C1=CC=CS1,Polycarbonothioyl,1.55,0.28,,,,,,,,,,,,,,,,,,,,,
C(S1)=CC=C1OC(=S)O,OC(=S)OC1=CC=CS1,Polycarbonothioyl,1.03,0.39,,,,,,,,,,,,,,,,,,,,,
C(C=C1)=CC=C1C(S2)=CC=C2C(C=C3)=CC=C3C(=S),S=CC1=CC=C(C=C1)C2=CC=C(S2)C3=CC=CC=C3,Polycarbonothioyl,1.41,0.07,,,,,,,,,,,,,,,,,,,,,
C(C=C1)=CC=C1C(S2)=CC=C2C(=S)C(S3)=CC=C3,S=C(C1=CC=CS1)C2=CC=C(S2)C3=CC=CC=C3,Polycarbonothioyl,1.5,0.13,,,,,,,,,,,,,,,,,,,,,
C(C=C1)=CC=C1C(S2)=CC=C2OC(=S),S=COC1=CC=C(S1)C2=CC=CC=C2,Polycarbonothioyl,1.38,0.11,,,,,,,,,,,,,,,,,,,,,
C(C=C1)=CC=C1C(C=C2)=CC=C2C(S3)=CC=C3C(=S),S=CC1=CC=C(S1)C2=CC=C(C=C2)C3=CC=CC=C3,Polycarbonothioyl,1.41,0.07,,,,,,,,,,,,,,,,,,,,,
C(C=C1)=CC=C1C(C=C2)=CC=C2C(C=C3)=CC=C3C(=S),S=CC1=CC=C(C=C1)C2=CC=C(C=C2)C3=CC=CC=C3,Polycarbonothioyl,1.27,0.06,,,,,,,,,,,,,,,,,,,,,
C(C=C1)=CC=C1C(C=C2)=CC=C2C(=S)O,OC(=S)C1=CC=C(C=C1)C2=CC=CC=C2,Polycarbonothioyl,1.28,0.06,,,,,,,,,,,,,,,,,,,,,
C(C=C1)=CC=C1C(=S)C(S2)=CC=C2C(S3)=CC=C3,S=C(C1=CC=C(S1)C2=CC=CS2)C3=CC=CC=C3,Polycarbonothioyl,1.5,0.13,,,,,,,,,,,,,,,,,,,,,
C(C=C1)=CC=C1C(=S)C(S2)=CC=C2C(=S),S=CC1=CC=C(S1)C(=S)C2=CC=CC=C2,Polycarbonothioyl,1.5,0.18,,,,,,,,,,,,,,,,,,,,,
C(C=C1)=CC=C1C(=S)C(S2)=CC=C2O,OC1=CC=C(S1)C(=S)C2=CC=CC=C2,Polycarbonothioyl,1.19,0.16,,,,,,,,,,,,,,,,,,,,,
C(C=C1)=CC=C1C(=S)C(C=C2)=CC=C2C(=S),S=CC1=CC=C(C=C1)C(=S)C2=CC=CC=C2,Polycarbonothioyl,1.44,0.07,,,,,,,,,,,,,,,,,,,,,
C(C=C1)=CC=C1C(=S)C(C=C2)=CC=C2O,OC1=CC=C(C=C1)C(=S)C2=CC=CC=C2,Polycarbonothioyl,1.18,0.08,,,,,,,,,,,,,,,,,,,,,
C(C=C1)=CC=C1C(=S)OC(=S),S=COC(=S)C1=CC=CC=C1,Polycarbonothioyl,1.55,0.14,,,,,,,,,,,,,,,,,,,,,
C(C=C1)=CC=C1OC(=S)C(S2)=CC=C2,S=C(OC1=CC=CC=C1)C2=CC=CS2,Polycarbonothioyl,1.35,0.12,,,,,,,,,,,,,,,,,,,,,
C(C=C1)=CC=C1OC(=S)O,OC(=S)OC1=CC=CC=C1,Polycarbonothioyl,1.04,0.15,,,,,,,,,,,,,,,,,,,,,
CC(S1)=CC=C1C(S2)=CC=C2C(=S),CC1=CC=C(S1)C2=CC=C(S2)C=S,Polycarbonothioyl,1.5,0.2,,,,,,,,,,,,,,,,,,,,,
CC(S1)=CC=C1C(C=C2)=CC=C2C(=S),CC1=CC=C(S1)C2=CC=C(C=S)C=C2,Polycarbonothioyl,1.44,0.07,,,,,,,,,,,,,,,,,,,,,
CC(S1)=CC=C1CC(=S),CC1=CC=C(CC=S)S1,Polycarbonothioyl,1.45,0.11,,,,,,,,,,,,,,,,,,,,,
CC(S1)=CC=C1C(=S)C(S2)=CC=C2,CC1=CC=C(S1)C(=S)C2=CC=CS2,Polycarbonothioyl,1.5,0.2,,,,,,,,,,,,,,,,,,,,,
CC(S1)=CC=C1C(=S)O,CC1=CC=C(S1)C(O)=S,Polycarbonothioyl,1.54,0.15,,,,,,,,,,,,,,,,,,,,,
CC(S1)=CC=C1OC(=S),CC1=CC=C(OC=S)S1,Polycarbonothioyl,1.25,0.2,,,,,,,,,,,,,,,,,,,,,
CC(C=C1)=CC=C1C(S2)=CC=C2C(=S),CC1=CC=C(C=C1)C2=CC=C(S2)C=S,Polycarbonothioyl,1.44,0.07,,,,,,,,,,,,,,,,,,,,,
CC(C=C1)=CC=C1C(C=C2)=CC=C2C(=S),CC1=CC=C(C=C1)C2=CC=C(C=S)C=C2,Polycarbonothioyl,1.27,0.06,,,,,,,,,,,,,,,,,,,,,
CC(C=C1)=CC=C1CC(=S),CC1=CC=C(CC=S)C=C1,Polycarbonothioyl,1.27,0.06,,,,,,,,,,,,,,,,,,,,,
CC(C=C1)=CC=C1C(=S)C2=CC=C(S2),CC1=CC=C(C=C1)C(=S)C2=CC=CS2,Polycarbonothioyl,1.44,0.07,,,,,,,,,,,,,,,,,,,,,
CC(C=C1)=CC=C1C(=S)C(C=C2)=CC=C2,CC1=CC=C(C=C1)C(=S)C2=CC=CC=C2,Polycarbonothioyl,1.27,0.06,,,,,,,,,,,,,,,,,,,,,
CC(C=C1)=CC=C1C(=S)O,CC1=CC=C(C=C1)C(O)=S,Polycarbonothioyl,1.41,0.06,,,,,,,,,,,,,,,,,,,,,
CC(C=C1)=CC=C1NC(=S),CC1=CC=C(NC=S)C=C1,Polycarbonothioyl,1.46,0.1,,,,,,,,,,,,,,,,,,,,,
CCC1=CC=C(S1)C(=S),CCC1=CC=C(S1)C=S,Polycarbonothioyl,1.45,0.11,,,,,,,,,,,,,,,,,,,,,
CCC(C=C1)=CC=C1C(=S),CCC1=CC=C(C=S)C=C1,Polycarbonothioyl,1.27,0.06,,,,,,,,,,,,,,,,,,,,,
CCCC(=S),CCCC=S,Polycarbonothioyl,1.2,0.05,,,,,,,,,,,,,,,,,,,,,
CCC(=S)O,CCC(O)=S,Polycarbonothioyl,1.4,0.05,,,,,,,,,,,,,,,,,,,,,
CCNC(=S),CCNC=S,Polycarbonothioyl,1.37,0.05,,,,,,,,,,,,,,,,,,,,,
CC(=S)C1=CC=C(S1)C(=S),CC(=S)C1=CC=C(S1)C=S,Polycarbonothioyl,1.49,0.23,,,,,,,,,,,,,,,,,,,,,
CC(=S)C1=CC=C(S1)O,CC(=S)C1=CC=C(O)S1,Polycarbonothioyl,1.25,0.2,,,,,,,,,,,,,,,,,,,,,
CC(=S)C(C=C1)=CC=C1C(=S),CC(=S)C1=CC=C(C=S)C=C1,Polycarbonothioyl,1.46,0.11,,,,,,,,,,,,,,,,,,,,,
CC(=S)C(C=C1)=CC=C1N,CC(=S)C1=CC=C(N)C=C1,Polycarbonothioyl,1.46,0.1,,,,,,,,,,,,,,,,,,,,,
CC(=S)C(C=C1)=CC=C1O,CC(=S)C1=CC=C(O)C=C1,Polycarbonothioyl,1.2,0.07,,,,,,,,,,,,,,,,,,,,,
CC(=S)CC(=S),CC(=S)CC=S,Polycarbonothioyl,1.46,0.11,,,,,,,,,,,,,,,,,,,,,
CC(=S)CO,CC(=S)CO,Polycarbonothioyl,1.4,0.05,,,,,,,,,,,,,,,,,,,,,
CC(=S)C(=O)O,CC(=S)C(O)=O,Polycarbonothioyl,1.59,0.17,,,,,,,,,,,,,,,,,,,,,
CC(=S)NC(=S),CC(=S)NC=S,Polycarbonothioyl,1.55,0.2,,,,,,,,,,,,,,,,,,,,,
CC(=S)NO,CC(=S)NO,Polycarbonothioyl,1.57,0.13,,,,,,,,,,,,,,,,,,,,,
CC(=S)OC(=S),CC(=S)OC=S,Polycarbonothioyl,1.58,0.21,,,,,,,,,,,,,,,,,,,,,
CNC1=CC=C(S1)C(=S),CNC1=CC=C(S1)C=S,Polycarbonothioyl,1.65,0.19,,,,,,,,,,,,,,,,,,,,,
CNCC(=S),CNCC=S,Polycarbonothioyl,1.37,0.05,,,,,,,,,,,,,,,,,,,,,
CNC(=S)C1=CC=C(S1),CNC(=S)C1=CC=CS1,Polycarbonothioyl,1.56,0.13,,,,,,,,,,,,,,,,,,,,,
CNC(=S)C(C=C1)=CC=C1,CNC(=S)C1=CC=CC=C1,Polycarbonothioyl,1.39,0.06,,,,,,,,,,,,,,,,,,,,,
CNC(=S)C(=O),CNC(=S)C=O,Polycarbonothioyl,1.59,0.14,,,,,,,,,,,,,,,,,,,,,
CNC(=S)O,CNC(O)=S,Polycarbonothioyl,1.54,0.29,,,,,,,,,,,,,,,,,,,,,
COC(=S)O,COC(O)=S,Polycarbonothioyl,1.56,0.17,,,,,,,,,,,,,,,,,,,,,
C(=O)C1=CC=C(S1)C(=S)O,OC(=S)C1=CC=C(S1)C=O,Polycarbonothioyl,1.63,0.24,,,,,,,,,,,,,,,,,,,,,
NC1=CC=C(S1)C2=CC=C(S2)C(=S),NC1=CC=C(S1)C2=CC=C(S2)C=S,Polycarbonothioyl,1.63,0.25,,,,,,,,,,,,,,,,,,,,,
NC1=CC=C(S1)C(C=C2)=CC=C2C(=S),NC1=CC=C(S1)C2=CC=C(C=S)C=C2,Polycarbonothioyl,1.6,0.11,,,,,,,,,,,,,,,,,,,,,
NC1=CC=C(S1)C(=S)C2=CC=C(S2),NC1=CC=C(S1)C(=S)C2=CC=CS2,Polycarbonothioyl,1.68,0.3,,,,,,,,,,,,,,,,,,,,,
NC1=CC=C(S1)C(=S)C(C=C2)=CC=C2,NC1=CC=C(S1)C(=S)C2=CC=CC=C2,Polycarbonothioyl,1.64,0.18,,,,,,,,,,,,,,,,,,,,,
NC1=CC=C(S1)NC(=S),NC1=CC=C(NC=S)S1,Polycarbonothioyl,1.79,0.33,,,,,,,,,,,,,,,,,,,,,
NC(C=C1)=CC=C1C2=CC=C(S2)C(=S),NC1=CC=C(C=C1)C2=CC=C(S2)C=S,Polycarbonothioyl,1.6,0.12,,,,,,,,,,,,,,,,,,,,,
NC(C=C1)=CC=C1C(C=C2)=CC=C2C(=S),NC1=CC=C(C=C1)C2=CC=C(C=S)C=C2,Polycarbonothioyl,1.4,0.08,,,,,,,,,,,,,,,,,,,,,
NC(C=C1)=CC=C1C(=S)C(C=C2)=CC=C2,NC1=CC=C(C=C1)C(=S)C2=CC=CC=C2,Polycarbonothioyl,1.42,0.12,,,,,,,,,,,,,,,,,,,,,
NC(=S)C(=C1)SC(=C1)C(=S),NC(=S)C1=CC=C(S1)C=S,Polycarbonothioyl,1.55,0.27,,,,,,,,,,,,,,,,,,,,,
NC(=S)C(=C1)SC(=C1)O,NC(=S)C1=CC=C(O)S1,Polycarbonothioyl,1.32,0.26,,,,,,,,,,,,,,,,,,,,,
NC(=S)C(C=C1)=CC=C1O,NC(=S)C1=CC=C(O)C=C1,Polycarbonothioyl,1.3,0.08,,,,,,,,,,,,,,,,,,,,,
NC(=S)C(=O)C(=S),NC(=S)C(=O)C=S,Polycarbonothioyl,1.55,0.4,,,,,,,,,,,,,,,,,,,,,
NC(=S)C(=O)O,NC(=S)C(O)=O,Polycarbonothioyl,1.6,0.36,,,,,,,,,,,,,,,,,,,,,
NC(=S)OC(=S),NC(=S)OC=S,Polycarbonothioyl,1.39,0.56,,,,,,,,,,,,,,,,,,,,,
NOC(=S)O,NOC(O)=S,Polycarbonothioyl,1.56,0.38,,,,,,,,,,,,,,,,,,,,,
CC(=O)NC1=CC=C(S1),CC(=O)NC1=CC=CS1,Polyamide,1.66,0.12,,,,,,,,,,,,,,,,,,,,,
CC(=O)NC(C=C1)=CC=C1,CC(=O)NC1=CC=CC=C1,Polyamide,1.3,0.06,,,,,,,,,,,,,,,,,,,,,
CC(=O)NC(=S),CC(=O)NC=S,Polyamide,1.59,0.14,,,,,,,,,,,,,,,,,,,,,
CNC(=O)C1=CC=C(S1),CNC(=O)C1=CC=CS1,Polyamide,1.57,0.14,,,,,,,,,,,,,,,,,,,,,
CNC(=O)C(C=C1)=CC=C1,CNC(=O)C1=CC=CC=C1,Polyamide,1.28,0.05,,,,,,,,,,,,,,,,,,,,,
CNC(=O)C(=S),CNC(=O)C=S,Polyamide,1.57,0.28,,,,,,,,,,,,,,,,,,,,,
NC1=CC=C(S1)C2=CC=C(S2)C(=O),NC1=CC=C(S1)C2=CC=C(S2)C=O,Polyamide,1.75,0.2,,,,,,,,,,,,,,,,,,,,,
NC(=O)C1=CC=C(S1)C(C=C2)=CC=C2,NC(=O)C1=CC=C(S1)C2=CC=CC=C2,Polyamide,1.55,0.1,,,,,,,,,,,,,,,,,,,,,
NC(=O)C1=CC=C(S1)C(=S),NC(=O)C1=CC=C(S1)C=S,Polyamide,1.63,0.28,,,,,,,,,,,,,,,,,,,,,
NC(=O)C1=CC=C(S1)O,NC(=O)C1=CC=C(O)S1,Polyamide,1.43,0.22,,,,,,,,,,,,,,,,,,,,,
NC(=O)C(C=C1)=CC=C1C2=CC=C(S2),NC(=O)C1=CC=C(C=C1)C2=CC=CS2,Polyamide,1.55,0.1,,,,,,,,,,,,,,,,,,,,,
NC(=O)C(C=C1)=CC=C1C(C=C2)=CC=C2,NC(=O)C1=CC=C(C=C1)C2=CC=CC=C2,Polyamide,1.29,0.06,,,,,,,,,,,,,,,,,,,,,
NC(=O)C(C=C1)=CC=C1C(=S),NC(=O)C1=CC=C(C=S)C=C1,Polyamide,1.57,0.12,,,,,,,,,,,,,,,,,,,,,
NC(=O)C(C=C1)=CC=C1O,NC(=O)C1=CC=C(O)C=C1,Polyamide,1.36,0.09,,,,,,,,,,,,,,,,,,,,,
NC(=O)C(=S)C1=CC=C(S1),NC(=O)C(=S)C1=CC=CS1,Polyamide,1.73,0.31,,,,,,,,,,,,,,,,,,,,,
NC(=O)C(=S)C(C=C1)=CC=C1,NC(=O)C(=S)C1=CC=CC=C1,Polyamide,1.65,0.14,,,,,,,,,,,,,,,,,,,,,
NC(=O)C(=S)C(=O),NC(=O)C(=S)C=O,Polyamide,1.43,0.53,,,,,,,,,,,,,,,,,,,,,
NC(=O)C(=S)O,NC(=O)C(O)=S,Polyamide,1.55,0.44,,,,,,,,,,,,,,,,,,,,,
C([*])(C)O([*]),CC(O[*])[*],Polyacetaldehyde,1.09,0.04,,,,,,,,,,,,,,,,,,,,,
COCO,COCO,Polyacetal,1.25,0.04,,,,,,,,,,,,,,,,,,,,,
O([*])C(COCCCCCC)C([*]),C(C(O[*])COCCCCCC)[*],Poly[oxy(hexyloxymethyl)ethylene],0.98,0.04,,,,,,,,,,,,,,,,,,,,,
O([*])C(=O)OC(C=C1)=CC=C1C(C=C2)=CC=C2CC(C=C3)=CC=C3C(C=C4)=CC=C4([*]),O(C(=O)OC1=CC=C(C=C1)C2=CC=C(CC3=CC=C(C=C3)C4=CC=C(C=C4)[*])C=C2)[*],Poly[diphenylmethane bis(4-phenyl)carbonate],1.21,0.05,,,,,,,,,,,,,,,,,,,,,
C([*])(C(=O)OCCC)(CC(=O)OCCC)C([*]),C(C(CC(=O)OCCC)(C(=O)OCCC)[*])[*],Poly[di(n-propyl) itaconate],1.13,0.04,,,,,,,,,,,,,,,,,,,,,
C([*])(C(=O)OCCCCCC)(CC(=O)OCCCCCC)C([*]),C(C(CC(=O)OCCCCCC)(C(=O)OCCCCCC)[*])[*],Poly[di(n-hexyl) itaconate],1.04,0.04,,,,,,,,,,,,,,,,,,,,,
C([*])(C(=O)OCCCC)(C(=O)OCCCC)C([*]),C(C(C(=O)OCCCC)(C(=O)OCCCC)[*])[*],Poly[di(n-butyl)itaconate],1.11,0.04,,,,,,,,,,,,,,,,,,,,,
N([*])C(CC1)CCC1CC(CC2)CCC2NC(=O)CCCCCCCCCCC([*])(=O),N(C1CCC(CC1)CC2CCC(CC2)NC(=O)CCCCCCCCCCC(=O)[*])[*],"Poly[bis(4-aminocyclohexyl)methane-1,10-decanedicarboxamide](Qiana) (trans)",1.01,0.05,,,,,,,,,,,,,,,,,,,,,
O([*])C(=O)OC(C=C1)=CC=C1C(CCCC)(C)C(C=C2)=CC=C2([*]),CCCCC(C)(C1=CC=C(C=C1)[*])C2=CC=C(OC(O[*])=O)C=C2,"Poly[4,4-heptane bis(4-phenyl)carbonate]",1.15,0.05,,,,,,,,,,,,,,,,,,,,,
C([*])C([*])(c1ccc(COCCCCO)cc1),C(C(C1=CC=C(COCCCCO)C=C1)[*])[*],Poly[4-(4-hydroxybutoxymethyl)styrene],1.06,0.04,,,,,,,,,,,,,,,,,,,,,
C([*])C([*])(C3=CCC(c2ccc(c1ccccc1)cc2)C=C3),C(C(C1=CCC(C=C1)C2=CC=C(C=C2)C3=CC=CC=C3)[*])[*],Poly[4-(4-biphenylyl)styrene],1.06,0.05,,,,,,,,,,,,,,,,,,,,,
C([*])C([*])(c1ccc(COCC(O)CC)cc1),C(C(C1=CC=C(COCC(O)CC)C=C1)[*])[*],Poly[4-(2-hydroxybutoxymethyl)styrene],1.06,0.04,,,,,,,,,,,,,,,,,,,,,
C([*])C([*])(c1ccc(C(=O)OCCN(C)C)cc1),C(C(C1=CC=C(C=C1)C(=O)OCCN(C)C)[*])[*],Poly[4-(2-dimethylaminoethoxycarbonyl)styrene],1.1,0.04,,,,,,,,,,,,,,,,,,,,,
C([*])C([*])(c2ccc(C(O)CN1CCCCC1)cc2),C(C(C1=CC=C(C=C1)C(O)CN2CCCCC2)[*])[*],Poly[4-(1-hydroxy-3-piperidinopropyl)styrene],1.03,0.04,,,,,,,,,,,,,,,,,,,,,
C([*])C([*])(c2ccc(C(O)CN1CCOCC1)cc2),C(C(C1=CC=C(C=C1)C(O)CN2CCOCC2)[*])[*],Poly[4-(1-hydroxy-3-morpholinopropyl)styrene],1.08,0.04,,,,,,,,,,,,,,,,,,,,,
C([*])C([*])(c1ccc(C(C)(O)CC)cc1),C(C(C1=CC=C(C=C1)C(C)(O)CC)[*])[*],Poly[4-(1-hydroxy-1-methylpropyl)styrene],1.04,0.04,,,,,,,,,,,,,,,,,,,,,
C([*])C([*])(c1ccc(C(C)(O)CCCC)cc1),C(C(C1=CC=C(C=C1)C(C)(O)CCCC)[*])[*],Poly[4-(1-hydroxy-1-methylpentyl)styrene],1.01,0.04,,,,,,,,,,,,,,,,,,,,,
C([*])C([*])(c1ccc(C(C)(C)O)cc1),C(C(C1=CC=C(C=C1)C(C)(C)O)[*])[*],Poly[4-(1-hydroxy-1-methylethyl)styrene],1.05,0.04,,,,,,,,,,,,,,,,,,,,,
C([*])C([*])(c1ccc(C(C)(O)CCC)cc1),C(C(C1=CC=C(C=C1)C(C)(O)CCC)[*])[*],Poly[4-(1-hydroxy-1-methylbutyl)styrene],1.02,0.04,,,,,,,,,,,,,,,,,,,,,
C([*])C([*])(C(=O)OCC(CCl)(CCl)CCl),C(C(C(=O)OCC(CCl)(CCl)CCl)[*])[*],"Poly[3-chloro-2,2-bis(chloromethyl)propyl acrylate]",1.43,0.06,,,,,,,,,,,,,,,,,,,,,
C([*])C([*])(C3=CC(c2ccc(c1ccccc1)cc2)CC=C3),C(C(C1=CC(CC=C1)C2=CC=C(C=C2)C3=CC=CC=C3)[*])[*],Poly[3-(4-biphenylyl)styrene],1.06,0.05,,,,,,,,,,,,,,,,,,,,,
O([*])C(=O)OC(C=C1)=CC=C1C(C)(C)C(C=C2)=CC=C2([*]),CC(C)(C1=CC=C(C=C1)[*])C2=CC=C(OC(O[*])=O)C=C2,"Poly[2,2-propane bis(4-phenyl)carbonate]",1.2,0.05,,,,,,,,,,,,,,,,,,,,,
O([*])C(=O)OC(C=C1)=C(C)C=C1C(C)(C)C(C=C2)=CC(C)=C2([*]),CC1=C(C=CC(=C1)C(C)(C)C2=CC(=C(OC(O[*])=O)C=C2)C)[*],"Poly[2,2-propane bis {4-(2-methyl)phenyl}carbonate]",1.16,0.05,,,,,,,,,,,,,,,,,,,,,
O([*])C(=O)OC(C=C1)=CC=C1C(CCC)(C)C(C=C2)=CC=C2([*]),CCCC(C)(C1=CC=C(C=C1)[*])C2=CC=C(OC(O[*])=O)C=C2,"Poly[2,2-pentane bis(4-phenyl)carbonate]",1.16,0.05,,,,,,,,,,,,,,,,,,,,,
C([*])C([*])(c1ccccc1C(=O)OCCN(C)C),C(C(C1=C(C=CC=C1)C(=O)OCCN(C)C)[*])[*],Poly[2-(2-dimethylaminoethoxycarbonyl)styrene],1.1,0.04,,,,,,,,,,,,,,,,,,,,,
O([*])C(=O)OC(C=C1)=CC=C1C(C)C(C=C2)=CC=C2([*]),CC(C1=CC=C(C=C1)[*])C2=CC=C(OC(O[*])=O)C=C2,"Poly[1,1-ethane bis(4-phenyl)carbonate]",1.23,0.05,,,,,,,,,,,,,,,,,,,,,
O([*])C(=O)OC(C=C1)=CC=C1C2(CCCC2)C(C=C3)=CC=C3([*]),O(C(=O)OC1=CC=C(C=C1)C2(CCCC2)C3=CC=C(C=C3)[*])[*],"Poly[1,1-cyclopentane bis(4-phenyl)carbonate]",1.19,0.05,,,,,,,,,,,,,,,,,,,,,
O([*])C(=O)OC(C=C1)=CC=C1C2(CCCCC2)C(C=C3)=CC=C3([*]),O(C(=O)OC1=CC=C(C=C1)C2(CCCCC2)C3=CC=C(C=C3)[*])[*],"Poly[1,1-cyclohexane bis(4-phenyl)carbonate]",1.17,0.05,,,,,,,,,,,,,,,,,,,,,
O([*])C(=O)OC(C([Cl])=C1)=C([Cl])C=C1C2(CCCCC2)C(C=C3([Cl]))=CC([Cl])=C3([*]),O(C(=O)OC1=C(Cl)C=C(C=C1Cl)C2(CCCCC2)C3=CC(=C(C(=C3)Cl)[*])Cl)[*],"Poly[1,1-cyclohexane bis {(4-(2,6-dichlorophenyl)}carbonate]",1.43,0.11,,,,,,,,,,,,,,,,,,,,,
O([*])C(=O)OC(C=C1)=CC=C1C(CCC)C(C=C2)=CC=C2([*]),CCCC(C1=CC=C(C=C1)[*])C2=CC=C(OC(O[*])=O)C=C2,"Poly[1,1-butane bis(4-phenyl)carbonate]",1.18,0.05,,,,,,,,,,,,,,,,,,,,,
C([*])(C[Cl])(C[Cl])CCO([*]),O(CCC(CCl)(CCl)[*])[*],"Poly[1,1-bis(chloromethyl)trimethylene oxide]",1.37,0.05,,,,,,,,,,,,,,,,,,,,,
O([*])C(=O)OC(C=C1)=CC=C1CC(C)(C)C(C=C2)=CC=C2([*]),CC(C)(CC1=CC=C(OC(O[*])=O)C=C1)C2=CC=C(C=C2)[*],"Poly[1,1-(2-methyl propane) bis(4-phenyl)carbonate]",1.18,0.05,,,,,,,,,,,,,,,,,,,,,
O([*])C(=O)OC(C=C1)=CC=C1C(C2=CC=CC=C2)(C)C(C=C3)=CC=C3([*]),CC(C1=CC=C(C=C1)[*])(C2=CC=CC=C2)C3=CC=C(OC(O[*])=O)C=C3,"Poly[1,1-(1-phenylethane)bis(4-phenyl)carbonate]",1.21,0.05,,,,,,,,,,,,,,,,,,,,,
C(C=C1)=CC=C1C(=O)OCCCCOC(=O),O=COCCCCOC(=O)C1=CC=CC=C1,Poly[(tetramethylene terephthalate),1.27,0.04,,,,,,,,,,,,,,,,,,,,,
C([*])C([*])(CC1CCCC1),C(C(CC1CCCC1)[*])[*],Poly[(cyclopentylmethyl)ethylene],0.9,0.04,,,,,,,,,,,,,,,,,,,,,
C([*])C([*])(CC1CCCCC1),C(C(CC1CCCCC1)[*])[*],Poly[(cyclohexylmethyl)ethylene],0.89,0.04,,,,,,,,,,,,,,,,,,,,,
C([*])(C)C([*])(C(=O)OCCN=O),CC(C(C(=O)OCCN=O)[*])[*],Poly[(2-nitrosoethyl) methacrylate],1.29,0.04,,,,,,,,,,,,,,,,,,,,,
*CC(*)(F)F,C(C(F)(F)[*])[*],Poly(vinylidene fluoride),1.68,0.06,PVDF,"poly-1,1-difluoroethylene",KF 850; Kynar 740,,,,,,,,,,,,,,,,,,
C([*])([Cl])([Cl])C([*]),C(C(Cl)(Cl)[*])[*],Poly(vinylidene chloride),1.71,0.06,,,,,,,,,,,,,,,,,,,,,
C([*])C([*])(OC(=O)CCCC),C(C(OC(=O)CCCC)[*])[*],Poly(vinyl valerate),1.07,0.04,,,,,,,,,,,,,,,,,,,,,
C([*])C([*])(OC(=O)C(F)(F)(F)),C(C(OC(=O)C(F)(F)F)[*])[*],Poly(vinyl trifluoroacetate),1.32,0.16,,,,,,,,,,,,,,,,,,,,,
C([*])C([*])(N1CCCC1(=O)),C(C(N1CCCC1=O)[*])[*],Poly(vinyl pyrrolidone),1.11,0.04,PVP,,"Periston; Plasdene; Polyclar; Albigen A; Kollidon
",,,,,,,,,,,,,,,,,,
C([*])C([*])(OC(=O)CC),C(C(OC(=O)CC)[*])[*],Poly(vinyl propionate),1.15,0.04,,,,,,,,,,,,,,,,,,,,,
C([*])C([*])(SC1=CC=CC=C1),C(C(SC1=CC=CC=C1)[*])[*],Poly(vinyl phenyl sulfide),1.15,0.05,,,,,,,,,,,,,,,,,,,,,
C([*])(C(=O)C1=CC=CC=C1)C([*]),C(C(C(=O)C1=CC=CC=C1)[*])[*],Poly(vinyl phenyl ketone),1.16,0.04,,,,,,,,,,,,,,,,,,,,,
C([*])(C(=O)C)C([*]),C(C(C(C)=O)[*])[*],Poly(vinyl methyl ketone),1.12,0.04,,,,,,,,,,,,,,,,,,,,,
C([*])C([*])(OCC(C)C),C(C(OCC(C)C)[*])[*],Poly(vinyl isobutyl ether),0.95,0.04,,,,,,,,,,,,,,,,,,,,,
C([*])C([*])(OCCCCCC),C(C(OCCCCCC)[*])[*],Poly(vinyl hexyl ether),0.93,0.04,,,,,,,,,,,,,,,,,,,,,
C([*])C([*])(OC=O),C(C(OC=O)[*])[*],Poly(vinyl formate),1.34,0.13,,,,,,,,,,,,,,,,,,,,,
CC(F)CC(F),CC(F)CCF,Poly(vinyl fluoride),1.33,0.06,,,,,,,,,,,,,,,,,,,,,
C([*])(C(=O)CC)C([*]),C(C(C(=O)CC)[*])[*],Poly(vinyl ethyl ketone),1.06,0.04,,,,,,,,,,,,,,,,,,,,,
C([*])C([*])(C1CCCC1),C(C(C1CCCC1)[*])[*],Poly(vinyl cyclopentane),0.9,0.04,,,,,,,,,,,,,,,,,,,,,
C([*])C([*])(OC(=O)C[Cl]),C(C(OC(=O)CCl)[*])[*],Poly(vinyl chloroacetate),1.46,0.06,,,,,,,,,,,,,,,,,,,,,
C([*])([Cl])C([*]),C(C(Cl)[*])[*],Poly(vinyl chloride),1.4,0.06,PVC; PVC-P,polychloroethene; poly-1-chloroethylene,,,,,,,,,,,,,,,,,,,
C([*])C([*])(N3C1=CC=CC=C1C2=CC=CC=C23),C(C([N]1C2=CC=CC=C2C3=CC=CC=C13)[*])[*],Poly(vinyl carbazole),1.13,0.05,,,,,,,,,,,,,,,,,,,,,
C([*])C([*])(OC(=O)CCCCC),C(C(OC(=O)CCCCC)[*])[*],Poly(vinyl caproate),1.05,0.04,,,,,,,,,,,,,,,,,,,,,
C([*])C([*])(OC(=O)CCC),C(C(OC(=O)CCC)[*])[*],Poly(vinyl butyrate),1.11,0.04,,,,,,,,,,,,,,,,,,,,,
C1([*])CC(OC(CCC)O1)C([*]),C(C1CC(OC(CCC)O1)[*])[*],Poly(vinyl butyral),1.07,0.05,PVB,"Poly[(2-propyl-1,3-dioxane-4,6-diyl)methylene]",Pioloform; Butacite; Butvar; Pioloform B; Saflex; KB PVB; GlasNovations; WINLITE; S-Lec; Trosifol; EVERLAM,,,,,,,,,,,,,,,,,,
C([*])C([*])(OC(=O)C1=CC=CC=C1),C(C(OC(=O)C1=CC=CC=C1)[*])[*],Poly(vinyl benzoate),1.22,0.04,,,,,,,,,,,,,,,,,,,,,
C([*])(O)C([*]),C(C(O)[*])[*],Poly(vinyl alcohol),1.21,0.05,PVOH; PVA; PVAL,poly-1-hydroxyethylene,Pevalon; Polyviol,,,,,,,,,,,,,,,,,,
C([*])C([*])(OC(=O)C),C(C(OC(C)=O)[*])[*],Poly(vinyl acetate),1.22,0.04,PVAc; PVA; PVAC,poly-1-acetoxyethylene,Catalac; Elvacet; Emultex; Epok V; Gelva; Mowilith; Texicote V; Texilac; Vandike; Vinalak; Vinavil; Vinamul; Vinnapas,,,,,,,,,,,,,,,,,,
O([*])C(=O)C(C=C1)=CC=C1C(=O)OCCC([*]),C(CCOC(=O)C1=CC=C(C=C1)C(O[*])=O)[*],Poly(trimethylene terephthalate),1.31,0.05,,,,,,,,,,,,,,,,,,,,,
CCCOC(=O)CCCCCCCCOC(=O)CCCOC(=O)CCCCCCCCOC(=O),CCCOC(=O)CCCCCCCCOC(=O)CCCOC(=O)CCCCCCCCOC=O,poly(trimethylene sebacate),1.09,0.04,,,,,,,,,,,,,,,,,,,,,
CCCO,CCCO,Poly(trimethylene glycol),1.03,0.04,,,,,,,,,,,,,,,,,,,,,
C([*])(C)C(C)O([*]),CC(C(C)O[*])[*],Poly(trans-2-butene oxide),0.99,0.04,,,,,,,,,,,,,,,,,,,,,
C([*])CCCC(=O)OCCCCOC([*])(=O),C(CCCC(=O)OCCCCOC(=O)[*])[*],Poly(tetramethylene adipate),1.15,0.04,,,,,,,,,,,,,,,,,,,,,
C([*])(=O)OC(C(C)=C1)=C(C)C=C1C(C)(C)C(C=C2(C))=CC(C)=C2O([*]),CC1=CC(=CC(=C1O[*])C)C(C)(C)C2=CC(=C(OC(=O)[*])C(=C2)C)C,Poly(tetramethyl bisphenol A carbonate),1.13,0.05,,,,,,,,,,,,,,,,,,,,,
C([*])CCCO([*]),C(CCCO[*])[*],Poly(tetrahydrofuran),0.99,0.04,,,,,,,,,,,,,,,,,,,,,
C([*])C(C)(C(=O)OCC(F)(F)C([*])(F)F),C(C(C)C(=O)OCC(F)(F)C(F)(F)[*])[*],Poly(tetrafluoropropyl methacrylate),1.52,0.06,,,,,,,,,,,,,,,,,,,,,
C([*])C([*])(C(=O)OCC(F)(F)C(F)F),C(C(C(=O)OCC(F)(F)C(F)F)[*])[*],Poly(tetrafluoropropyl acrylate),1.51,0.08,,,,,,,,,,,,,,,,,,,,,
C([*])(F)(F)C([*])(F)(F),FC(F)(C(F)(F)[*])[*],Poly(tetrafluoroethylene),2.1,0.06,PTFE,polydifluoromethylene; Poly(tetrafluoroethene),Polifen; Polyflon; Teflon; Syncolon; Fluon,,,,,,,,,,,,,,,,,,
CCC(F)(F)C(F)(F),CCC(F)(F)C(F)F,Poly(tetrafluoroethylene-alt-ethylene),1.66,0.18,,,,,,,,,,,,,,,,,,,,,
C([*])C([*])(CCCCCCCCCCCCCC),C(C(CCCCCCCCCCCCCC)[*])[*],Poly(tetradecylethylene),0.87,0.04,,,,,,,,,,,,,,,,,,,,,
C([*])C([*])(C)(C(=O)OCCCCCCCCCCCCCC),C(C(C)(C(=O)OCCCCCCCCCCCCCC)[*])[*],Poly(tetradecyl methacrylate),0.95,0.04,,,,,,,,,,,,,,,,,,,,,
C(Cl)(Cl)C(Cl)(Cl),ClC(Cl)C(Cl)Cl,poly(tetrachloroethylene),1.14,0.62,,,,,,,,,,,,,,,,,,,,,
C([*])C([*])(C(C)(C)C),C(C(C(C)(C)C)[*])[*],Poly(tert-butylethylene),0.87,0.04,,,,,,,,,,,,,,,,,,,,,
C([*])C([*])(C)(C(=O)OC(C)(C)C),C(C(C)(C(=O)OC(C)(C)C)[*])[*],Poly(tert-butyl methacrylate),1.05,0.04,,,,,,,,,,,,,,,,,,,,,
C([*])C([*])(C(=O)OC(C)(C)C),C(C(C(=O)OC(C)(C)C)[*])[*],Poly(tert-butyl acrylate),1.07,0.04,,,,,,,,,,,,,,,,,,,,,
C([*])C(C1=CC=CC=C1)O([*]),C(C(O[*])C1=CC=CC=C1)[*],Poly(styrene oxide),1.11,0.04,,,,,,,,,,,,,,,,,,,,,
C([*])C([*])(C)(C(=O)OC(C)CC),C(C(C)(C(=O)OC(C)CC)[*])[*],Poly(sec-butyl methacrylate),1.05,0.04,,,,,,,,,,,,,,,,,,,,,
C([*])C([*])(Cl)(C(=O)OC(C)CC),C(C(Cl)(C(=O)OC(C)CC)[*])[*],Poly(sec-butyl chloroacrylate),1.22,0.05,,,,,,,,,,,,,,,,,,,,,
C([*])C([*])(C(=O)OC(C)CC),C(C(C(=O)OC(C)CC)[*])[*],Poly(sec-butyl acrylate),1.07,0.04,,,,,,,,,,,,,,,,,,,,,
C([*])C(C)C([*])(=O),C(C(C)C(=O)[*])[*],Poly(propyleneketone),1.12,0.04,,,,,,,,,,,,,,,,,,,,,
*CC(*)C,C(C(C)[*])[*],Poly(propylene),0.87,0.04,PP; iPP; sPP; aPP; IMPP,polypropene; isotactic polypropylene; syndiotactic polypropylene; atactic polypropylene; impact modified polypropylene,Polypro; Accpro; Acctuf; Achieve; Amoco; Appryl; Atax; Carlona P; Daplen; El-rex; Eltex P; Eref; Escon; Escorene PP; Finapro; Fortilene; Hifax; Hostalen PP; Lacqtene P; Luparen; Montell; Moplen; Napryl; Novolen; Polypro; Profax; Propathene; Rexene; Royalene; Sinalene; Stamylan P; Tenite Polypropylene; Trovidur; Valtec; Vestolen P; Vistalon; Herculon; Meraklon; Ulstron; Tenite Polypropylene; Repol H110MA; Moplen HP 400R,,,,,,,,,,,,,,,,,,
CC(C)CC(C)CC(C)CC(C),CCCC(C)CC(C)CC(C)C,Poly(propylene),0.87,0.04,,,,,,,,,,,,,,,,,,,,,
CCCCCS,CCCCCS,Poly(propylene sulfide),0.98,0.05,,,,,,,,,,,,,,,,,,,,,
S([*])CC([*])(C),CC(CS[*])[*],Poly(propylene sulfide),1.09,0.05,,,,,,,,,,,,,,,,,,,,,
O([*])CCCOC(=O)CCC([*])(=O),O(CCCOC(=O)CCC(=O)[*])[*],Poly(propylene sebacate),1.26,0.04,,,,,,,,,,,,,,,,,,,,,
O([*])C(C)C([*]),C(C(C)O[*])[*],Poly(propylene glycol),1.03,0.04,,,,,,,,,,,,,,,,,,,,,
C([*])C(C)OC(=O)O([*]),C(C(C)OC(O[*])=O)[*],Poly(propylene carbonate),1.31,0.05,,,,,,,,,,,,,,,,,,,,,
C([*])C([*])(SCCC),C(C(SCCC)[*])[*],Poly(propyl vinyl thioether),1.04,0.05,,,,,,,,,,,,,,,,,,,,,
C([*])C([*])(OCCC),C(C(OCCC)[*])[*],Poly(propyl vinyl ether),0.97,0.04,,,,,,,,,,,,,,,,,,,,,
C([*])C([*])(C)(C(=O)OCCC),C(C(C)(C(=O)OCCC)[*])[*],Poly(propyl methacrylate),1.07,0.04,,,,,,,,,,,,,,,,,,,,,
C([*])C([*])(Cl)(CC(=O)OCCC),C(C(Cl)(CC(=O)OCCC)[*])[*],Poly(propyl chloroacrylate),1.22,0.05,,,,,,,,,,,,,,,,,,,,,
C([*])C([*])(C(=O)OCCC)([Cl]),C(C(Cl)(C(=O)OCCC)[*])[*],Poly(propyl chloroacrylate,1.28,0.05,,,,,,,,,,,,,,,,,,,,,
C([*])C([*])(C(=O)OCCC),C(C(C(=O)OCCC)[*])[*],Poly(propyl acrylate),1.11,0.04,,,,,,,,,,,,,,,,,,,,,
C([*])C([*])(C(=O)NN1CCCCC1),C(C(C(=O)NN1CCCCC1)[*])[*],Poly(piperidylacrylamide),1.08,0.04,,,,,,,,,,,,,,,,,,,,,
N([*])C(CN1)NCC1NC(=O)CCCCCCCCC([*])(=O),N(C1CNC(CN1)NC(=O)CCCCCCCCC(=O)[*])[*],Poly(piperazine sebacamide),1.14,0.05,,,,,,,,,,,,,,,,,,,,,
C(C=C1)=CC=C1SC(C=C2)=CC=C2S,SC1=CC=C(SC2=CC=CC=C2)C=C1,Poly(phenylene sulfide),1.4,0.06,,,,,,,,,,,,,,,,,,,,,
NC(=S)NC(C=C1)=CC=C1,NC(=S)NC1=CC=CC=C1,Poly(phenylene diisothiocyanate Phenylenediamine),1.61,0.18,,,,,,,,,,,,,,,,,,,,,
C([*])C([*])(C)(C(=O)OC1=CC=CC=C1),C(C(C)(C(=O)OC1=CC=CC=C1)[*])[*],Poly(phenyl methacrylate),1.15,0.05,,,,,,,,,,,,,,,,,,,,,
C([*])C([*])(CC)(C(=O)Oc1ccccc1),C(C(CC)(C(=O)OC1=CC=CC=C1)[*])[*],Poly(phenyl ethyl)acrylate,1.12,0.05,,,,,,,,,,,,,,,,,,,,,
C([*])C([*])(C(=O)OCCc1ccccc1),C(C(C(=O)OCCC1=CC=CC=C1)[*])[*],Poly(phenyl ethyl acrylate),1.14,0.04,,,,,,,,,,,,,,,,,,,,,
C([*])C([*])(C)C(=O)OCCCCC,C(C(C)(C(=O)OCCCCC)[*])[*],Poly(pentyl methacrylate),1.03,0.04,,,,,,,,,,,,,,,,,,,,,
C([*])C([*])C(=O)(OCc1c(F)c(F)c(F)c(F)c1F),C(C(C(=O)OCC1=C(F)C(=C(F)C(=C1F)F)F)[*])[*],Poly(pentachlorophenyl acrylate),0.97,0.16,,,,,,,,,,,,,,,,,,,,,
C([*])C([*])(C(=O)OCc1c(Br)c(Br)c(Br)c(Br)c1Br),C(C(C(=O)OCC1=C(Br)C(=C(Br)C(=C1Br)Br)Br)[*])[*],Poly(pentabromobenzyl acrylate),1.57,0.37,,,,,,,,,,,,,,,,,,,,,
C([*])(C=C1)=CC=C1C(=O)O([*]),O(C(=O)C1=CC=C(C=C1)[*])[*],Poly(para-hydroxybenzoate) (Ekonol),1.32,0.06,,,,,,,,,,,,,,,,,,,,,
N([*])CC(C=C1)=CC=C1CNC(=O)CCCCCCCCC([*])(=O),N(CC1=CC=C(CNC(=O)CCCCCCCCC(=O)[*])C=C1)[*],Poly(p-xylylene sebacamide),1.1,0.05,,,,,,,,,,,,,,,,,,,,,
CC(C=C1)=CC=C1C,CC1=CC=C(C)C=C1,Poly(p-xylene),1.04,0.05,,,,,,,,,,,,,,,,,,,,,
C([*])C([*])(C(=O)Oc1ccc(C)cc1),C(C(C(=O)OC1=CC=C(C)C=C1)[*])[*],Poly(p-tolyl acrylate),1.15,0.05,,,,,,,,,,,,,,,,,,,,,
O([*])C(=O)C(C=C1)=CC=C1CCCCC(C=C2)=CC=C2C([*])(=O),O(C(=O)C1=CC=C(CCCCC2=CC=C(C(=O)[*])C=C2)C=C1)[*],Poly(p-tetramethylenedibenzoic anhydride),1.21,0.05,,,,,,,,,,,,,,,,,,,,,
C(C=C1)=CC=C1,C1=CC=CC=C1,Poly(p-phenylene),1.13,0.06,,,,,,,,,,,,,,,,,,,,,
C(=NC1=C2)OC1=CC(O3)=C2N=C3C(C=C4)=CC=C4,O1C=NC2=CC3=C(OC(=N3)C4=CC=CC=C4)C=C12,Poly(p-phenylene benzobisoxazole),1.43,0.09,,,,,,,,,,,,,,,,,,,,,
C([*])CCCOCO([*]),C(CCCOCO[*])[*],Poly(oxymethylene-oxytetramethylene),1.06,0.04,,,,,,,,,,,,,,,,,,,,,
C([*])COCO([*]),C(COCO[*])[*],Poly(oxymethylene-oxyethylene),1.15,0.04,,,,,,,,,,,,,,,,,,,,,
C([*])C([*])(OCCCCCCCC),C(C(OCCCCCCCC)[*])[*],Poly(octyl vinyl ether),0.92,0.04,,,,,,,,,,,,,,,,,,,,,
C([*])C([*])(C)(C(=O)OCCCCCCCC),C(C(C)(C(=O)OCCCCCCCC)[*])[*],Poly(octyl methacrylate),0.99,0.04,,,,,,,,,,,,,,,,,,,,,
C([*])C([*])(C#N)(C(=O)OCCCCCCCC),C(C(C#N)(C(=O)OCCCCCCCC)[*])[*],Poly(octyl cyanoacrylate),1.09,0.04,,,,,,,,,,,,,,,,,,,,,
C([*])C([*])(CCCCCC),C(C(CCCCCC)[*])[*],Poly(octene),0.87,0.04,,,,,,,,,,,,,,,,,,,,,
C([*])CCCCCCCO([*]),C(CCCCCCCO[*])[*],Poly(octene oxide),0.93,0.04,,,,,,,,,,,,,,,,,,,,,
N([*])CCCCCCCCNC(=O)CCCCCCC([*])(=O),N(CCCCCCCCNC(=O)CCCCCCC(=O)[*])[*],"Poly(octamethylene suberamide) (nylon 8,8)",1.03,0.04,,,,,,,,,,,,,,,,,,,,,
C([*])C([*])(C)(C(=O)OCCCCCCCCCCCCCCCCCC),C(C(C)(C(=O)OCCCCCCCCCCCCCCCCCC)[*])[*],Poly(octadecyl methacrylate),0.93,0.04,,,,,,,,,,,,,,,,,,,,,
C([*])C([*])(C(=O)OCCCCCCCCCCCCCCCCCC),C(C(C(=O)OCCCCCCCCCCCCCCCCCC)[*])[*],Poly(octadecyl acrylate),0.94,0.04,,,,,,,,,,,,,,,,,,,,,
C([*])C([*])(C(=O)Oc1ccccc1C),C(C(C(=O)OC1=C(C)C=CC=C1)[*])[*],Poly(o-tolyl acrylate),1.15,0.05,,,,,,,,,,,,,,,,,,,,,
C([*])C([*])(CCCCCCCCC),C(C(CCCCCCCCC)[*])[*],Poly(nonylethylene),0.87,0.04,,,,,,,,,,,,,,,,,,,,,
C([*])C([*])(C(=O)OCCCCCCCCC),C(C(C(=O)OCCCCCCCCC)[*])[*],Poly(nonyl acrylate),0.99,0.04,,,,,,,,,,,,,,,,,,,,,
N([*])CCCCCCCCCNC(=O)CCCCCCCC([*])(=O),N(CCCCCCCCCNC(=O)CCCCCCCC(=O)[*])[*],"Poly(nonamethylene azelamide) (nylon 9,9)",1.01,0.04,,,,,,,,,,,,,,,,,,,,,
C([*])C([*])(C(=O)OCC(C)(C)C),C(C(C(=O)OCC(C)(C)C)[*])[*],Poly(neopentyl acrylate),1.05,0.04,,,,,,,,,,,,,,,,,,,,,
C([*])C([*])(C(=O)N(C)C),C(C(C(=O)N(C)C)[*])[*],"Poly(N,N-dimethylacrylamide)",1.08,0.04,,,,,,,,,,,,,,,,,,,,,
C([*])C([*])(C(=O)N(C(C)C)C(C)C),C(C(C(=O)N(C(C)C)C(C)C)[*])[*],"Poly(N,N-diisopropylacrylamide)",0.99,0.04,,,,,,,,,,,,,,,,,,,,,
C([*])C([*])C(=O)(N(CCCC)CCCC),C(C(C(=O)N(CCCC)CCCC)[*])[*],"Poly(N,N-dibutylacrylamide",0.97,0.04,,,,,,,,,,,,,,,,,,,,,
C([*])C([*])(C)(C(=O)NC(C)(C)C),C(C(C)(C(=O)NC(C)(C)C)[*])[*],Poly(N-tert-butylmethacrylamide),1.03,0.04,,,,,,,,,,,,,,,,,,,,,
C([*])C([*])(C(=O)NC(C)(C)C),C(C(C(=O)NC(C)(C)C)[*])[*],Poly(N-tert-butyl acrylamide),1.05,0.04,,,,,,,,,,,,,,,,,,,,,
C([*])C([*])(C(=O)NC(C)CC),C(C(C(=O)NC(C)CC)[*])[*],Poly(N-sec-butylacrylamide),1.05,0.04,,,,,,,,,,,,,,,,,,,,,
C([*])C([*])(C(=O)NC1=CC=CC=C1),C(C(C(=O)NC1=CC=CC=C1)[*])[*],Poly(N-phenylacrylamide),1.2,0.05,,,,,,,,,,,,,,,,,,,,,
C([*])C([*])(C(=O)OCCCCCCCC),C(C(C(=O)OCCCCCCCC)[*])[*],Poly(n-octyl acrylate),1,0.04,,,,,,,,,,,,,,,,,,,,,
C([*])C([*])(C(=O)NCCCCCCCCCCCCCCCCCC),C(C(C(=O)NCCCCCCCCCCCCCCCCCC)[*])[*],Poly(N-octadecylacrylamide),0.93,0.04,,,,,,,,,,,,,,,,,,,,,
C([*])C([*])(C(=O)N(C)c1ccccc1),C(C(C(=O)N(C)C1=CC=CC=C1)[*])[*],Poly(N-methyl-N-phenylacrylamide),1.14,0.05,,,,,,,,,,,,,,,,,,,,,
C([*])C([*])(C(=O)NC(C)C),C(C(C(=O)NC(C)C)[*])[*],Poly(N-isopropyl acrylamide),1.08,0.04,,,,,,,,,,,,,,,,,,,,,
C([*])C([*])(C)(C(=O)OCCCCCCCCCC),C(C(C)(C(=O)OCCCCCCCCCC)[*])[*],Poly(n-decyl methacrylate),0.97,0.04,,,,,,,,,,,,,,,,,,,,,
C([*])C([*])(C(=O)NCCCC),C(C(C(=O)NCCCC)[*])[*],Poly(N-butylacrylamide),1.05,0.04,,,,,,,,,,,,,,,,,,,,,
C([*])C([*])(C)(C(=O)NCC1=CC=CC=C1),C(C(C)(C(=O)NCC1=CC=CC=C1)[*])[*],Poly(N-benzyl methacrylamide),1.12,0.04,,,,,,,,,,,,,,,,,,,,,
C([*])C([*])(C)(C(=O)NC(=O)C),C(C(C)(C(=O)NC(C)=O)[*])[*],Poly(N-acetylmethacrylamide),1.23,0.04,,,,,,,,,,,,,,,,,,,,,
C([*])C([*])(C(=O)NC(C)CCC),C(C(C(=O)NC(C)CCC)[*])[*],Poly(N-(1-methylbutyl)acrylamide),1.03,0.04,,,,,,,,,,,,,,,,,,,,,
C([*])C([*])(SC),C(C(SC)[*])[*],Poly(methyl vinyl thioether),1.19,0.05,,,,,,,,,,,,,,,,,,,,,
C([*])C([*])(OC),C(C(OC)[*])[*],Poly(methyl vinyl ether),1.03,0.04,,,,,,,,,,,,,,,,,,,,,
C([*])C([*])(C)(C(=O)OC),C(C(C)(C(=O)OC)[*])[*],Poly(methyl methacrylate),1.15,0.04,PMMA,polymethyl-2-methyl propenoate; acrylic; Plexiglass,Perspex; Plexidur; Plexiglas; Acryl-ace; Acrylite; Altuglas; Asterite; Diakon; Elvacite; Lucite; Vedril; Asterite; Implex; Lucryl; Oroglas; Altuglas V920T,,,,,,,,,,,,,,,,,,
C([*])(C(=O)(C))(C)C([*]),C(C(C)(C(C)=O)[*])[*],Poly(methyl isopropenyl ketone),1.06,0.04,,,,,,,,,,,,,,,,,,,,,
C([*])C([*])(F)(C(=O)OC),C(C(F)(C(=O)OC)[*])[*],Poly(methyl fluoroacrylate),1.42,0.06,,,,,,,,,,,,,,,,,,,,,
C([*])C([*])(C#N)(C(=O)OC),C(C(C#N)(C(=O)OC)[*])[*],Poly(methyl cyanoacrylate),1.38,0.05,,,,,,,,,,,,,,,,,,,,,
C([*])C([*])([Cl])(OC(=O)C),C(C(Cl)(OC(C)=O)[*])[*],Poly(methyl chloroacrylate),1.46,0.06,,,,,,,,,,,,,,,,,,,,,
C([*])C([*])(Cl)(C(=O)OC),C(C(Cl)(C(=O)OC)[*])[*],Poly(methyl chloroacrylate),1.46,0.06,,,,,,,,,,,,,,,,,,,,,
C([*])C([*])(C(=O)OC),C(C(C(=O)OC)[*])[*],Poly(methyl acrylate),1.22,0.04,PMA,,Plexigum,,,,,,,,,,,,,,,,,,
C([*])C([*])(C#N)(C),C(C(C)(C#N)[*])[*],Poly(methacrylonitrile),1.2,0.04,,,,,,,,,,,,,,,,,,,,,
C([*])C([*])(C)(C(=O)O),C(C(C)(C(O)=O)[*])[*],Poly(methacrylic acid),1.29,0.05,,,,,,,,,,,,,,,,,,,,,
C([*])C([*])(C(=O)OC1C=C(C)C=CC1),C(C(C(=O)OC1CC=CC(=C1)C)[*])[*],Poly(m-tolyl acrylate),1.12,0.04,,,,,,,,,,,,,,,,,,,,,
C(=CC=C1)N=C1C(=CC=C2)N=C2,C1=CN=C(C=C1)C2=CC=CC=N2,Poly(m-pyridine),1.31,0.07,,,,,,,,,,,,,,,,,,,,,
N([*])C(=C1)C=CC=C1NC(=O)C(=C2)C=CC=C2C([*])(=O),N(C1=CC(=CC=C1)NC(=O)C2=CC(=CC=C2)C(=O)[*])[*],Poly(m-phenylene terephthalamide),1.4,0.05,,,,,,,,,,,,,,,,,,,,,
NC(=O)C(=C1)C=CC=C1NC(=O)C(=C2)C=CC=C2,NC(=O)C1=CC(=CC=C1)NC(=O)C2=CC=CC=C2,Poly(m-phenylene isophthalamide),1.4,0.05,,,,,,,,,,,,,,,,,,,,,
C([*])(C(C)C)C([*]),C(C(C(C)C)[*])[*],Poly(isopropylethylene),0.87,0.04,,,,,,,,,,,,,,,,,,,,,
C([*])C([*])(OC(C)C),C(C(OC(C)C)[*])[*],Poly(isopropyl vinyl ether),0.97,0.04,,,,,,,,,,,,,,,,,,,,,
C([*])C([*])(C)(C(=O)OC(C)C),C(C(C)(C(=O)OC(C)C)[*])[*],Poly(isopropyl methacrylate),1.07,0.04,,,,,,,,,,,,,,,,,,,,,
C([*])C([*])(Cl)(C(=O)OC(C)C),C(C(Cl)(C(=O)OC(C)C)[*])[*],Poly(isopropyl chloroacrylate),1.28,0.05,,,,,,,,,,,,,,,,,,,,,
C([*])C([*])(C(=O)OC(C)C),C(C(C(=O)OC(C)C)[*])[*],Poly(isopropyl acrylate),1.11,0.04,,,,,,,,,,,,,,,,,,,,,
C([*])C([*])(CCC(C)C),C(C(CCC(C)C)[*])[*],Poly(isopentylethylene),0.87,0.04,,,,,,,,,,,,,,,,,,,,,
C([*])C([*])(CCCC(C)C),C(C(CCCC(C)C)[*])[*],Poly(isohexylethylene),0.87,0.04,,,,,,,,,,,,,,,,,,,,,
C([*])(CC(C)C)C([*]),C(C(CC(C)C)[*])[*],Poly(isobutylethylene),0.87,0.04,,,,,,,,,,,,,,,,,,,,,
C([*])C([*])(C)(C(=O)OCC(C)C),C(C(C)(C(=O)OCC(C)C)[*])[*],Poly(isobutyl methacrylate),1.05,0.04,,,,,,,,,,,,,,,,,,,,,
C([*])C([*])(Cl)(C(=O)OCC(C)C),C(C(Cl)(C(=O)OCC(C)C)[*])[*],Poly(isobutyl chloroacrylate),1.22,0.05,,,,,,,,,,,,,,,,,,,,,
C([*])C([*])(C(=O)OCC(C)C),C(C(C(=O)OCC(C)C)[*])[*],Poly(isobutyl acrylate),1.07,0.04,,,,,,,,,,,,,,,,,,,,,
C([*])C([*])(C)(C),C(C(C)(C)[*])[*],Poly(isobutene),0.87,0.04,,,,,,,,,,,,,,,,,,,,,
O([*])CCCCCCOC(=O)CCCCCCCCC([*])(=O),O(CCCCCCOC(=O)CCCCCCCCC(=O)[*])[*],Poly(hexyylene sebacate),1.05,0.04,,,,,,,,,,,,,,,,,,,,,
C([*])C([*])(CCCCCC)(CCCCCCCCCC),C(C(CCCCCC)(CCCCCCCCCC)[*])[*],Poly(hexyldecylethylene),0.87,0.04,,,,,,,,,,,,,,,,,,,,,
C([*])C([*])(C)(C(=O)OCCCCCC),C(C(C)(C(=O)OCCCCCC)[*])[*],Poly(hexyl methacrylate),1.01,0.04,,,,,,,,,,,,,,,,,,,,,
C([*])C([*])(C(=O)OCCCCCC),C(C(C(=O)OCCCCCC)[*])[*],Poly(hexyl acrylate),1.03,0.04,,,,,,,,,,,,,,,,,,,,,
C([*])(C=C1)=CC=C1C(=O)OCCCCCCOC([*])(=O),O=C(OCCCCCCOC(=O)C1=CC=C(C=C1)[*])[*],Poly(hexamethylene terephthalate),1.21,0.04,,,,,,,,,,,,,,,,,,,,,
C([*])CCCCCO([*]),C(CCCCCO[*])[*],Poly(hexamethylene glycol),0.95,0.04,,,,,,,,,,,,,,,,,,,,,
C([*])C([*])(C(=O)OCCCCCCCCCCCCCCCC),C(C(C(=O)OCCCCCCCCCCCCCCCC)[*])[*],Poly(hexadecyl acrylate),0.94,0.04,,,,,,,,,,,,,,,,,,,,,
C([*])C([*])(C(=O)OCCCCCCC),C(C(C(=O)OCCCCCCC)[*])[*],Poly(heptyl acrylate),1.01,0.04,,,,,,,,,,,,,,,,,,,,,
N([*])CCCCCCCNC(=O)CCCCCC([*])(=O),N(CCCCCCCNC(=O)CCCCCC(=O)[*])[*],"Poly(heptamethylene pimelamide) (nylon 7,7)",1.05,0.04,,,,,,,,,,,,,,,,,,,,,
O([*])C(COC)C([*]),C(C(O[*])COC)[*],Poly(glycidyl methyl ether),1.09,0.04,,,,,,,,,,,,,,,,,,,,,
C([*])C([*])(C(=O)OCC1CO1),C(C(C(=O)OCC1CO1)[*])[*],Poly(glycidyl methacrylate),1.08,0.21,PGMA,,,,,,,,,,,,,,,,,,,,
C([*])C([*])(C(=O)OCc1ccco1),C(C(C(=O)OCC1=CC=CO1)[*])[*],Poly(furfuryl acrylate),1.27,0.04,,,,,,,,,,,,,,,,,,,,,
C([*])C([*])(C(=O)OCF),C(C(C(=O)OCF)[*])[*],Poly(fluoromethyl acrylate),1.32,0.05,,,,,,,,,,,,,,,,,,,,,
C([*])CC([*])(=O),C(CC(=O)[*])[*],Poly(ethyleneketone),1.2,0.04,,,,,,,,,,,,,,,,,,,,,
C(C=C1)=CC=C1C(=O)OCCOC(=O),O=COCCOC(=O)C1=CC=CC=C1,Poly(ethylene) terephthalate,1.36,0.05,,,,,,,,,,,,,,,,,,,,,
[*]CC[*],C(C[*])[*],Poly(ethylene),0.92,0.04,PE;PE-HD;PE-LD;PE-LLD;PE-MD; XPE; PEX; XLPE; HDPE; LDPE; UHMWPE; MDPE; LLDPE; VLDPE,polythene;polyethene;cross-linked polyethylene,Polyeth;Affinity AG;Exact;Queo;Plastylene;DOW LDPE 681I; Borecene RM8343; low density polyethylene,,,,,,,,,,,,,,,,,,
O([*])C(=O)C(C=C1)=CC=C1C(=O)OCC([*]),C(COC(=O)C1=CC=C(C=C1)C(O[*])=O)[*],Poly(ethylene terephthalate),1.36,0.05,PET; PETE; PETP,poly(oxyethyleneoxyterephthaloyl),PET 9921; Petlon; Petlox; Petra,,,,,,,,,,,,,,,,,,
S([*])CC([*]),C(CS[*])[*],Poly(ethylene sulfide),1.21,0.05,,,,,,,,,,,,,,,,,,,,,
O([*])CCOC(=O)CCC([*])(=O),O(CCOC(=O)CCC(=O)[*])[*],Poly(ethylene succinate),1.31,0.04,,,,,,,,,,,,,,,,,,,,,
O([*])CCOC(=O)CCCCCCCCC([*])(=O),O(CCOC(=O)CCCCCCCCC(=O)[*])[*],Poly(ethylene sebacate),1.11,0.04,,,,,,,,,,,,,,,,,,,,,
O([*])C(=O)C(C=CC=C1)=C1C(=O)OCC([*]),C(COC(=O)C1=C(C=CC=C1)C(O[*])=O)[*],Poly(ethylene phthalate),1.35,0.05,,,,,,,,,,,,,,,,,,,,,
C([*])COC(C=C1)=CC=C1C(=O)O([*]),C(COC1=CC=C(C=C1)C(O[*])=O)[*],Poly(ethylene oxybenzoate) (A-tell),1.26,0.05,,,,,,,,,,,,,,,,,,,,,
O([*])CCOC(=O)C(C=C1)=CC(C=C2)=C1C=C2C([*])(=O),O(CCOC(=O)C1=CC2=C(C=C1)C=C(C(=O)[*])C=C2)[*],Poly(ethylene naphthalate),1.33,0.05,,,,,,,,,,,,,,,,,,,,,
O([*])C(=O)C(=C1)C=CC=C1C(=O)OCC([*]),C(COC(=O)C1=CC=CC(=C1)C(O[*])=O)[*],Poly(ethylene isophthalate),1.36,0.05,,,,,,,,,,,,,,,,,,,,,
*CCO*,C(CO[*])[*],Poly(ethylene glycol),1.09,0.04,PEG; PEO,C2 polyether glycol; poly(ethylene oxide) glycol; poly(oxyethylene) glycol; polyethylene oxide; polyoxyethylene,,,,,,,,,,,,,,,,,,,
C([*])COC(=O)O([*]),C(COC(O[*])=O)[*],Poly(ethylene carbonate),1.4,0.05,,,,,,,,,,,,,,,,,,,,,
C([*])CCCCCCC(=O)OCCOC([*])(=O),C(CCCCCCC(=O)OCCOC(=O)[*])[*],Poly(ethylene azelate),1.13,0.04,,,,,,,,,,,,,,,,,,,,,
CCCCC(=O)OCCOC(=O),CCCCC(=O)OCCOC=O,Poly(ethylene adipate),1.22,0.04,,,,,,,,,,,,,,,,,,,,,
C([*])C([*])(SCC),C(C(SCC)[*])[*],Poly(ethyl vinyl thioether),1.1,0.05,,,,,,,,,,,,,,,,,,,,,
C([*])C([*])(OCC),C(C(OCC)[*])[*],Poly(ethyl vinyl ether),0.99,0.04,,,,,,,,,,,,,,,,,,,,,
C([*])C([*])(C)(C(=O)OCC),C(C(C)(C(=O)OCC)[*])[*],Poly(ethyl methacrylate),1.11,0.04,PEMA,poly[1-(ethoxycarbonyl)-1-methylethylene]; poly(ethyl 2-methylpropenoate),Eversoft; Plexigum N,,,,,,,,,,,,,,,,,,
C([*])C([*])(C(=O)OCC)([Cl]),C(C(Cl)(C(=O)OCC)[*])[*],Poly(ethyl chloroacrylate),1.36,0.05,,,,,,,,,,,,,,,,,,,,,
C([*])C([*])(C(=O)OCC),C(C(C(=O)OCC)[*])[*],Poly(ethyl acrylate),1.15,0.04,PEA,Poly(ethyl propenoate); Poly[1-(ethoxycarbonyl)ethylene]; Acrylic acid ethyl ester polymer,Plexigum B,,,,,,,,,,,,,,,,,,
C(=O)C(C=C1)=CC=C1OC(C=C2)=CC=C2,O=CC1=CC=C(OC2=CC=CC=C2)C=C1,Poly(ether ketone),1.22,0.05,,,,,,,,,,,,,,,,,,,,,
CCC(C(F)(F)(F))(C(F)(F)(F))OCCC(C(F)(F)(F))(C(F)(F)(F))O,CCC(OCCC(O)(C(F)(F)F)C(F)(F)F)(C(F)(F)F)C(F)(F)F,Poly(ethene-alt-hexafluoroacetone),1.55,0.21,,,,,,,,,,,,,,,,,,,,,
O([*])CC([*])(C[Cl]),O(CC(CCl)[*])[*],Poly(epichlorohydrin),1.35,0.05,,,,,,,,,,,,,,,,,,,,,
C([*])C([*])(C)(C(=O)OCCCCCCCCCCCC),C(C(C)(C(=O)OCCCCCCCCCCCC)[*])[*],Poly(dodecyl methacrylate),0.96,0.04,,,,,,,,,,,,,,,,,,,,,
C([*])C([*])(C(=O)OCCCCCCCCCCCC),C(C(C(=O)OCCCCCCCCCCCC)[*])[*],Poly(dodecyl acrylate),0.96,0.04,,,,,,,,,,,,,,,,,,,,,
C([*])(C(=O)OCCC)C([*])(C(=O)OCCC),CCCOC(=O)C(C(C(=O)OCCC)[*])[*],Poly(diproylfumarate),1.15,0.04,,,,,,,,,,,,,,,,,,,,,
C([*])(C(=O)OC)C([*])(C(=O)OC),COC(=O)C(C(C(=O)OC)[*])[*],Poly(dimethyl fumarate),1.31,0.04,,,,,,,,,,,,,,,,,,,,,
C([*])(C(=O)OC)(CC(=O)OC)C([*]),C(C(CC(=O)OC)(C(=O)OC)[*])[*],Poly(dimehyl itaconate),1.26,0.04,,,,,,,,,,,,,,,,,,,,,
C([*])(C(=O)OCC)C([*])(C(=O)OCC),CCOC(=O)C(C(C(=O)OCC)[*])[*],Poly(diethyl fumarate),1.22,0.04,,,,,,,,,,,,,,,,,,,,,
C([*])(C=C1)=CC=C1C(=O)OCCCCCCCCCCOC([*])(=O),O=C(OCCCCCCCCCCOC(=O)C1=CC=C(C=C1)[*])[*],Poly(decamethylene terephthalate),1.12,0.05,,,,,,,,,,,,,,,,,,,,,
C([*])CCCCCCCC(=O)OCCCCCCCCCCOC([*])(=O),C(CCCCCCCC(=O)OCCCCCCCCCCOC(=O)[*])[*],Poly(decamethylene sebacate),1.01,0.04,,,,,,,,,,,,,,,,,,,,,
N([*])CCCCCCCCCNC(=O)CCCCCCCCC([*])(=O),N(CCCCCCCCCNC(=O)CCCCCCCCC(=O)[*])[*],"Poly(decamethylene sebacamide) (nylon 10,10)",1.01,0.04,,,,,,,,,,,,,,,,,,,,,
N([*])CCCCCCCCCCNC(=O)CCCCCCCC([*])(=O),N(CCCCCCCCCCNC(=O)CCCCCCCC(=O)[*])[*],"Poly(decamethylene azelamide) (nylon 10,9)",1.01,0.04,,,,,,,,,,,,,,,,,,,,,
C([*])C([*])(C)(C(=O)OC1CCCC1),C(C(C)(C(=O)OC1CCCC1)[*])[*],Poly(cyclopentyl methacrylate),1.07,0.04,,,,,,,,,,,,,,,,,,,,,
C([*])C([*])(C)(C(=O)OCC1CCCCCCC1),C(C(C)(C(=O)OCC1CCCCCCC1)[*])[*],Poly(cyclooctylmethyl methacrylate),1,0.04,,,,,,,,,,,,,,,,,,,,,
C([*])(C)C([*])(C(=O)OC1CCCCCCC1),CC(C(C(=O)OC1CCCCCCC1)[*])[*],Poly(cyclooctyl methacrylate),1.01,0.04,,,,,,,,,,,,,,,,,,,,,
C([*])C([*])(C1CCCCC1),C(C(C1CCCCC1)[*])[*],Poly(cyclohexylethylene),0.9,0.04,,,,,,,,,,,,,,,,,,,,,
C([*])C([*])(C)(C(=O)OC1CCCCC1),C(C(C)(C(=O)OC1CCCCC1)[*])[*],Poly(cyclohexyl methacrylate),1.05,0.04,,,,,,,,,,,,,,,,,,,,,
C([*])C([*])(Cl)(C(=O)OC1CCCCC1),C(C(Cl)(C(=O)OC1CCCCC1)[*])[*],Poly(cyclohexyl chloroacrylate),1.18,0.05,,,,,,,,,,,,,,,,,,,,,
C([*])C([*])(C(=O)OC1CCCCC1),C(C(C(=O)OC1CCCCC1)[*])[*],Poly(cyclohexyl acrylate),1.07,0.04,,,,,,,,,,,,,,,,,,,,,
C([*])C([*])(C)(C(=O)OC1CCC1),C(C(C)(C(=O)OC1CCC1)[*])[*],Poly(cyclobutyl methacrylate),1.09,0.04,,,,,,,,,,,,,,,,,,,,,
C([*])C([*])(C(=O)OCC#N),C(C(C(=O)OCC#N)[*])[*],Poly(cyanomethyl acrylate),1.38,0.05,,,,,,,,,,,,,,,,,,,,,
C([*])C([*])(CC(C)(C)C),C(C(CC(C)(C)C)[*])[*],Poly(chloroprene),0.87,0.04,,,,,,,,,,,,,,,,,,,,,
CCCCCOC(=O)CCCCCOC(=O),CCCCCOC(=O)CCCCCOC=O,Poly(caprolactone),1.11,0.04,PCL,poly(E-caprolactone); poly(-caprolactone),Capa,,,,,,,,,,,,,,,,,,
C([*])C([*])(CC),C(C(CC)[*])[*],Poly(butylene),0.87,0.04,PB-1,polybutene-1; poly(1-butene),,,,,,,,,,,,,,,,,,,
O([*])CCCCOC(=O)CCCCCCCCC([*])(=O),O(CCCCOC(=O)CCCCCCCCC(=O)[*])[*],Poly(butylene sebacate),1.07,0.04,,,,,,,,,,,,,,,,,,,,,
O([*])C(=O)C(=CC=C1)C=C1C(=O)OCCCC([*]),C(CCCOC(=O)C1=CC(=CC=C1)C(O[*])=O)[*],Poly(butylene isophthalate),1.27,0.04,,,,,,,,,,,,,,,,,,,,,
C([*])C([*])(SCCCC),C(C(SCCCC)[*])[*],Poly(butyl vinyl thioether),1,0.05,,,,,,,,,,,,,,,,,,,,,
C([*])C([*])(OCCCC),C(C(OCCCC)[*])[*],Poly(butyl vinyl ether),0.95,0.04,,,,,,,,,,,,,,,,,,,,,
C([*])C([*])(C)(C(=O)OCCCC),C(C(C)(C(=O)OCCCC)[*])[*],Poly(butyl methacrylate),1.05,0.04,,,,,,,,,,,,,,,,,,,,,
C([*])C([*])(CCCC),C(C(CCCC)[*])[*],Poly(butyl ethylene),0.87,0.04,,,,,,,,,,,,,,,,,,,,,
C([*])(C)(CC)C([*]),C(C(C)(CC)[*])[*],Poly(butyl ethylene),0.87,0.04,,,,,,,,,,,,,,,,,,,,,
C([*])C([*])(C#N)(C(=O)OCCCC),C(C(C#N)(C(=O)OCCCC)[*])[*],Poly(butyl cyanoacrylate),1.21,0.04,,,,,,,,,,,,,,,,,,,,,
C([*])C([*])(Cl)(C(=O)OCCCC),C(C(Cl)(C(=O)OCCCC)[*])[*],Poly(butyl chloroacrylate),1.22,0.05,,,,,,,,,,,,,,,,,,,,,
C([*])C([*])(C(=O)OCCCC),C(C(C(=O)OCCCC)[*])[*],Poly(butyl acrylate),1.07,0.04,PBuA; PBA; PnBA,poly(n-butyl acrylate),,,,,,,,,,,,,,,,,,,
C([*])(=O)OC(C=C1)=CC=C1C(CC)(C)C(C=C2)=CC=C2O([*]),CCC(C)(C1=CC=C(O[*])C=C1)C2=CC=C(OC(=O)[*])C=C2,Poly(bisphenol B carbonate),1.18,0.05,,,,,,,,,,,,,,,,,,,,,
C([*])(=O)C(C=C1)=CC=C1C(=O)OC(C=C2)=CC=C2C(C)(C)C(C=C3)=CC=C3O([*]),CC(C)(C1=CC=C(O[*])C=C1)C2=CC=C(OC(=O)C3=CC=C(C(=O)[*])C=C3)C=C2,Poly(bisphenol A isophthalate),1.22,0.05,,,,,,,,,,,,,,,,,,,,,
C([*])C([*])(C)(C(=O)OCC1=CC=CC=C1),C(C(C)(C(=O)OCC1=CC=CC=C1)[*])[*],Poly(benzyl methacrylate),1.14,0.04,,,,,,,,,,,,,,,,,,,,,
O([*])C(=O)CCCCCCCC([*])(=O),O(C(=O)CCCCCCCC(=O)[*])[*],Poly(azelaic anhydride),1.14,0.04,,,,,,,,,,,,,,,,,,,,,
C([*])C([*])(C)(C1=CC=CC=C1),C(C(C)(C1=CC=CC=C1)[*])[*],Poly(alpha-methylstyrene),1.01,0.04,PAMS; PMS; PMS,"Poly(-methylstyrene); Poly(-methylphenylethylene); Poly[1-(-methylphenyl)ethane-1,2-diyl]",Amoco resin 18,,,,,,,,,,,,,,,,,,
C([*])C([*])(C(=O)O),C(C(C(O)=O)[*])[*],Poly(acrylic acid),1.39,0.05,PAA,propenoic acid,,,,,,,,,,,,,,,,,,,
[*]CC([*])(C(=O)N),C(C(C(N)=O)[*])[*],Poly(acrylamide),1.35,0.05,PAM,poly(2-propenamide); poly(1-carbamoylethylene),,,,,,,,,,,,,,,,,,,
N([*])CCCCCCCCC([*])(=O),N(CCCCCCCCC(=O)[*])[*],Poly(9-aminononanoic acid) (nylon 9),1.01,0.04,,,,,,,,,,,,,,,,,,,,,
C([*])C([*])(C(=O)OCCCCCCSCC#N),C(C(C(=O)OCCCCCCSCC#N)[*])[*],Poly(8-cyano-7-thiaoctyl acrylate),1.19,0.05,,,,,,,,,,,,,,,,,,,,,
C([*])C([*])(C(=O)OCCCSCCC#N),C(C(C(=O)OCCCSCCC#N)[*])[*],Poly(6-cyano-4-thiahexyl acrylate),1.27,0.05,,,,,,,,,,,,,,,,,,,,,
C([*])C([*])(C(=O)OCCSCCCC#N),C(C(C(=O)OCCSCCCC#N)[*])[*],Poly(6-cyano-3-thiahexyl acrylate),1.27,0.05,,,,,,,,,,,,,,,,,,,,,
C([*])C([*])(C(=O)OCCOCC(F)(F)C(F)(F)C(F)(F)F),C(C(C(=O)OCCOCC(F)(F)C(F)(F)C(F)(F)F)[*])[*],"Poly(5,5,6,6,7,7,7-heptafluoro-3-oxaheptyl acrylate)",1.53,0.1,,,,,,,,,,,,,,,,,,,,,
C([*])C([*])(C(=O)OCCOCC(F)(F)F),C(C(C(=O)OCCOCC(F)(F)F)[*])[*],"Poly(5,5,5-trifluoro-3-oxapentyl acrylate)",1.37,0.05,,,,,,,,,,,,,,,,,,,,,
C([*])C([*])(C(=O)OCCCCSC),C(C(C(=O)OCCCCSC)[*])[*],Poly(5-thiahexyl acrylate),1.15,0.05,,,,,,,,,,,,,,,,,,,,,
C([*])=CCCC(C)C([*]),C(C(C)CCC=C[*])[*],poly(5-methyl-1-hexene),0.9,0.04,,,,,,,,,,,,,,,,,,,,,
C([*])C([*])(C(=O)OCCSCCC#N),C(C(C(=O)OCCSCCC#N)[*])[*],Poly(5-cyano-3-thiapentyl acrylate),1.32,0.05,,,,,,,,,,,,,,,,,,,,,
C([*])C([*])(C(=O)OCCOCCC#N),C(C(C(=O)OCCOCCC#N)[*])[*],Poly(5-cyano-3-oxapentyl acrylate),1.25,0.04,,,,,,,,,,,,,,,,,,,,,
C([*])C([*])(C1=C(OCCC)C=CC(Br)C1),C(C(C1=C(OCCC)C=CC(Br)C1)[*])[*],Poly(5-bromo-2-propoxystyrene),1.21,0.05,,,,,,,,,,,,,,,,,,,,,
C([*])C([*])(C1=C(OCCCCC)C=CC(Br)C1),C(C(C1=C(OCCCCC)C=CC(Br)C1)[*])[*],Poly(5-bromo-2-pentyloxystyrene),1.16,0.05,,,,,,,,,,,,,,,,,,,,,
C([*])C([*])(C1=C(OC)C=CC(Br)C1),C(C(C1=C(OC)C=CC(Br)C1)[*])[*],Poly(5-bromo-2-methoxystyrene),1.29,0.05,,,,,,,,,,,,,,,,,,,,,
C([*])C([*])(C1=C(OC(C)C)C=CC(Br)C1),C(C(C1=C(OC(C)C)C=CC(Br)C1)[*])[*],Poly(5-bromo-2-isopropoxystyrene),1.21,0.05,,,,,,,,,,,,,,,,,,,,,
C([*])C([*])(C1=C(OCCC(C)C)C=CC(Br)C1),C(C(C1=C(OCCC(C)C)C=CC(Br)C1)[*])[*],Poly(5-bromo-2-isopentyloxystyrene),1.16,0.05,,,,,,,,,,,,,,,,,,,,,
C([*])C([*])(C1=C(OCC)C=CC(Br)C1),C(C(C1=C(OCC)C=CC(Br)C1)[*])[*],Poly(5-bromo-2-ethoxystyrene),1.25,0.05,,,,,,,,,,,,,,,,,,,,,
C([*])C([*])(C1=C(OCCCC)C=CC(Br)C1),C(C(C1=C(OCCCC)C=CC(Br)C1)[*])[*],Poly(5-bromo-2-butoxystyrene),1.18,0.05,,,,,,,,,,,,,,,,,,,,,
O([*])C(=O)OC(C=C1)=CC=C1SC(C=C2)=CC=C2([*]),O(C(=O)OC1=CC=C(SC2=CC=C(C=C2)[*])C=C1)[*],"Poly(4,4'-thiodiphenylene carbonate)",1.33,0.06,,,,,,,,,,,,,,,,,,,,,
C([*])(=O)CCCCOC(C=C1)=CC=C1OC(C=C2)=CC=C2C(=O)O([*]),O(C(=O)C1=CC=C(OC2=CC=C(OCCCCC(=O)[*])C=C2)C=C1)[*],"Poly(4,4'-tetramethylene dioxydibenzoic anhydride)",1.21,0.06,,,,,,,,,,,,,,,,,,,,,
O([*])C(=O)C(C=C1)=CC=C1CCCCCC(C=C2)=CC=C2C([*])(=O),O(C(=O)C1=CC=C(CCCCCC2=CC=C(C(=O)[*])C=C2)C=C1)[*],"Poly(4,4'-pentamethylenedibenzoic anhydride)",1.19,0.05,,,,,,,,,,,,,,,,,,,,,
C([*])C([*])(CCCC(C)(C)C),C(C(CCCC(C)(C)C)[*])[*],"Poly(4,4-dimethylpentylethylene)",0.87,0.04,,,,,,,,,,,,,,,,,,,,,
C([*])C([*])(C(=O)OCCCSC),C(C(C(=O)OCCCSC)[*])[*],Poly(4-thiapentyl acrylate),1.19,0.05,,,,,,,,,,,,,,,,,,,,,
C([*])C([*])(C(C=C1)=CC=C1C(C)(C)C),C(C(C1=CC=C(C=C1)C(C)(C)C)[*])[*],Poly(4-tert-butylstyrene),0.96,0.04,,,,,,,,,,,,,,,,,,,,,
C([*])C([*])(C(=O)Oc1ccc(C(C)(C)C)cc1),C(C(C(=O)OC1=CC=C(C=C1)C(C)(C)C)[*])[*],Poly(4-tert-butylphenyl acrylate),1.08,0.05,,,,,,,,,,,,,,,,,,,,,
C([*])C([*])(C)(C(=O)OC1CCC(CC1)C(C)(C)C),C(C(C)(C(=O)OC1CCC(CC1)C(C)(C)C)[*])[*],Poly(4-tert-butylcyclohexyl methacrylate),0.99,0.04,,,,,,,,,,,,,,,,,,,,,
C([*])C([*])(c1ccc(C(C)CC)cc1),C(C(C1=CC=C(C=C1)C(C)CC)[*])[*],Poly(4-sec-butylstyrene),0.96,0.04,,,,,,,,,,,,,,,,,,,,,
C([*])C([*])(C1=CC=C(C2=CC=CC=C2)C=C1),C(C(C1=CC=C(C=C1)C2=CC=CC=C2)[*])[*],Poly(4-phenylstyrene),1.08,0.05,,,,,,,,,,,,,,,,,,,,,
C([*])C([*])(C1=CC=C(C)C=C1),C(C(C1=CC=C(C)C=C1)[*])[*],Poly(4-methylstyrene),1.01,0.04,,,,,,,,,,,,,,,,,,,,,
C([*])=CCC(C)C([*]),C(C(C)CC=C[*])[*],Poly(4-methyl-1-pentene),0.91,0.04,,,,,,,,,,,,,,,,,,,,,
C([*])C([*])(C1=CC=C(OC)C=C1),C(C(C1=CC=C(OC)C=C1)[*])[*],Poly(4-methoxystyrene),1.06,0.05,,,,,,,,,,,,,,,,,,,,,
C([*])C([*])(C(=O)Oc1ccc(OC)cc1),C(C(C(=O)OC1=CC=C(OC)C=C1)[*])[*],Poly(4-methoxyphenyl acrylate),1.16,0.07,,,,,,,,,,,,,,,,,,,,,
C([*])C([*])(C)(C(=O)Oc1ccc(C(=O)OC)cc1),C(C(C)(C(=O)OC1=CC=C(C=C1)C(=O)OC)[*])[*],Poly(4-methoxycarbonylphenyl methacrylate),1.22,0.05,,,,,,,,,,,,,,,,,,,,,
C([*])C([*])(C(=O)Oc1ccc(C(=O)OC)cc1),C(C(C(=O)OC1=CC=C(C=C1)C(=O)OC)[*])[*],Poly(4-methoxycarbonylphenyl acrylate),1.25,0.05,,,,,,,,,,,,,,,,,,,,,
C([*])C([*])(c1ccc(C(=O)OCC(C)C)cc1),C(C(C1=CC=C(C=C1)C(=O)OCC(C)C)[*])[*],Poly(4-isobutoxycarbonylstyrene),1.09,0.04,,,,,,,,,,,,,,,,,,,,,
C([*])C([*])(c1ccc(I)cc1),C(C(C1=CC=C(I)C=C1)[*])[*],Poly(4-iodostyrene),1.39,0.12,,,,,,,,,,,,,,,,,,,,,
C([*])C([*])(C1=CC=C(O)C=C1),C(C(C1=CC=C(O)C=C1)[*])[*],Poly(4-hydroxystyrene),1.12,0.05,,,,,,,,,,,,,,,,,,,,,
C([*])C([*])(c1ccc(CO)cc1),C(C(C1=CC=C(CO)C=C1)[*])[*],Poly(4-hydroxymethylstyrene),1.11,0.04,,,,,,,,,,,,,,,,,,,,,
C([*])C([*])(c1ccc(CCCCCC)cc1),C(C(C1=CC=C(CCCCCC)C=C1)[*])[*],Poly(4-hexylstyrene),0.95,0.04,,,,,,,,,,,,,,,,,,,,,
C([*])C([*])(c1ccc(COCCCCC)cc1),C(C(C1=CC=C(COCCCCC)C=C1)[*])[*],Poly(4-hexyloxymethylstyrene),0.99,0.04,,,,,,,,,,,,,,,,,,,,,
C([*])C([*])(c1ccc(C(=O)OCCCCCC)cc1),C(C(C1=CC=C(C=C1)C(=O)OCCCCCC)[*])[*],Poly(4-hexyloxycarbonylstyrene),1.05,0.04,,,,,,,,,,,,,,,,,,,,,
C([*])C([*])(c1ccc(C(=O)CCCCC)cc1),C(C(C1=CC=C(C=C1)C(=O)CCCCC)[*])[*],Poly(4-hexanoylstyrene),1.03,0.04,,,,,,,,,,,,,,,,,,,,,
C([*])C([*])(c1ccc(CCCCCCCCCCCCCCCC)cc1),C(C(C1=CC=C(CCCCCCCCCCCCCCCC)C=C1)[*])[*],Poly(4-hexadecylstyrene),0.91,0.04,,,,,,,,,,,,,,,,,,,,,
C([*])C([*])(C1=CC=C(F)C=C1),C(C(C1=CC=C(F)C=C1)[*])[*],Poly(4-fluorostyrene),1.08,0.05,,,,,,,,,,,,,,,,,,,,,
C([*])C([*])(c1ccc(CC)cc1),C(C(C1=CC=C(CC)C=C1)[*])[*],Poly(4-ethylstyrene),0.99,0.04,,,,,,,,,,,,,,,,,,,,,
C([*])C([*])(c1ccc(OCC)cc1),C(C(C1=CC=C(OCC)C=C1)[*])[*],Poly(4-ethoxystyrene),1.04,0.05,,,,,,,,,,,,,,,,,,,,,
C([*])C([*])(c1ccc(C(=O)OCC)cc1),C(C(C1=CC=C(C=C1)C(=O)OCC)[*])[*],Poly(4-ethoxycarbonylstyrene),1.14,0.04,,,,,,,,,,,,,,,,,,,,,
C([*])C([*])(C(=O)Oc1ccc(C(=O)OCC)cc1),C(C(C(=O)OC1=CC=C(C=C1)C(=O)OCC)[*])[*],Poly(4-ethoxycarbonylphenyl acrylate),1.22,0.05,,,,,,,,,,,,,,,,,,,,,
C([*])C([*])(c1ccc(CCCCCCCCCCCC)cc1),C(C(C1=CC=C(CCCCCCCCCCCC)C=C1)[*])[*],Poly(4-dodecylstyrene),0.92,0.04,,,,,,,,,,,,,,,,,,,,,
C([*])C([*])(c1ccc(C(=O)N(C)C)cc1),C(C(C1=CC=C(C=C1)C(=O)N(C)C)[*])[*],Poly(4-dimethylaminocarbonylstyrene),1.11,0.06,,,,,,,,,,,,,,,,,,,,,
C([*])C([*])(c1ccc(C(=O)N(CC)CC)cc1),C(C(C1=CC=C(C=C1)C(=O)N(CC)CC)[*])[*],Poly(4-diethylcarbamoylstyrene),1.07,0.06,,,,,,,,,,,,,,,,,,,,,
C([*])C([*])(c1ccc(CCCCCCCCCC)cc1),C(C(C1=CC=C(CCCCCCCCCC)C=C1)[*])[*],Poly(4-decylstyrene),0.93,0.04,,,,,,,,,,,,,,,,,,,,,
C([*])C([*])(C)(C(=O)Oc1ccc(C#N)cc1),C(C(C)(C(=O)OC1=CC=C(C=C1)C#N)[*])[*],Poly(4-cyanophenyl methacrylate),1.24,0.05,,,,,,,,,,,,,,,,,,,,,
C([*])C([*])(C(=O)Oc1ccc(C#N)cc1),C(C(C(=O)OC1=CC=C(C=C1)C#N)[*])[*],Poly(4-cyanophenyl acrylate),1.28,0.06,,,,,,,,,,,,,,,,,,,,,
C([*])C([*])(C)(C(=O)Oc1ccc(CC#N)cc1),C(C(C)(C(=O)OC1=CC=C(CC#N)C=C1)[*])[*],Poly(4-cyanomethylphenyl methacrylate),1.21,0.05,,,,,,,,,,,,,,,,,,,,,
C([*])C([*])(C(=O)OCc1ccc(C#N)cc1),C(C(C(=O)OCC1=CC=C(C=C1)C#N)[*])[*],Poly(4-cyanobenzyl acrylate),1.28,0.04,,,,,,,,,,,,,,,,,,,,,
C([*])C([*])(C(=O)OCCSC#N),C(C(C(=O)OCCSC#N)[*])[*],Poly(4-cyano-3-thiabutyl acrylate),1.46,0.07,,,,,,,,,,,,,,,,,,,,,
C([*])C([*])(C1=CC=C([Cl])C=C1),C(C(C1=CC=C(Cl)C=C1)[*])[*],Poly(4-chlorostyrene),1.19,0.05,,,,,,,,,,,,,,,,,,,,,
C([*])C([*])(C(=O)OC(C=C1)=CC=C1[Cl]),C(C(C(=O)OC1=CC=C(Cl)C=C1)[*])[*],Poly(4-chlorophenyl acrylate),1.15,0.06,,,,,,,,,,,,,,,,,,,,,
C([*])C([*])(COOc1cc(Cl)ccc1),C(C(COOC1=CC=CC(=C1)Cl)[*])[*],Poly(4-chlorophenyl acrylate),1.1,0.05,,,,,,,,,,,,,,,,,,,,,
C([*])C([*])(c1ccc(Cl)c(C)c1),C(C(C1=CC(=C(Cl)C=C1)C)[*])[*],Poly(4-chloro-3-methylstyrene),1.15,0.05,,,,,,,,,,,,,,,,,,,,,
C([*])C([*])(c1ccc(Cl)c(F)c1),C(C(C1=CC(=C(Cl)C=C1)F)[*])[*],Poly(4-chloro-3-fluorostyrene),1.24,0.09,,,,,,,,,,,,,,,,,,,,,
C([*])C([*])(c1ccc(Cl)cc1C),C(C(C1=C(C)C=C(Cl)C=C1)[*])[*],Poly(4-chloro-2-methylstyrene),1.15,0.05,,,,,,,,,,,,,,,,,,,,,
C([*])C([*])(c1ccc(C(=O)O)cc1),C(C(C1=CC=C(C=C1)C(O)=O)[*])[*],Poly(4-carboxystyrene),1.25,0.05,,,,,,,,,,,,,,,,,,,,,
C([*])C([*])(c1ccc(C(=O)CCC)cc1),C(C(C1=CC=C(C=C1)C(=O)CCC)[*])[*],Poly(4-butyrylstyrene),1.06,0.04,,,,,,,,,,,,,,,,,,,,,
C([*])C([*])(c1ccc(CCCC)cc1),C(C(C1=CC=C(CCCC)C=C1)[*])[*],Poly(4-butylstyrene),0.96,0.04,,,,,,,,,,,,,,,,,,,,,
C([*])C([*])(c1ccc(OCCCC)cc1),C(C(C1=CC=C(OCCCC)C=C1)[*])[*],Poly(4-butoxystyrene),1,0.05,,,,,,,,,,,,,,,,,,,,,
C([*])C([*])(c1ccc(COCCCC)cc1),C(C(C1=CC=C(COCCCC)C=C1)[*])[*],Poly(4-butoxymethylstyrene),1,0.04,,,,,,,,,,,,,,,,,,,,,
C([*])C([*])(c1ccc(C(=O)OCCCC)cc1),C(C(C1=CC=C(C=C1)C(=O)OCCCC)[*])[*],Poly(4-butoxycarbonylstyrene),1.09,0.04,,,,,,,,,,,,,,,,,,,,,
C([*])C([*])(C(=O)Oc1ccc(C(=O)OCCCC)cc1),C(C(C(=O)OC1=CC=C(C=C1)C(=O)OCCCC)[*])[*],Poly(4-butoxycarbonylphenyl acrylate),1.17,0.05,,,,,,,,,,,,,,,,,,,,,
C([*])C([*])(c1ccc(Br)cc1),C(C(C1=CC=C(Br)C=C1)[*])[*],Poly(4-bromostyrene),1.34,0.07,,,,,,,,,,,,,,,,,,,,,
C([*])C([*])(C(=O)Oc2ccc(c1ccccc1)cc2),C(C(C(=O)OC1=CC=C(C=C1)C2=CC=CC=C2)[*])[*],Poly(4-biphenylyl acrylate),1.17,0.05,,,,,,,,,,,,,,,,,,,,,
C([*])C([*])(c2ccc(C(=O)c1ccccc1)cc2),C(C(C1=CC=C(C=C1)C(=O)C2=CC=CC=C2)[*])[*],Poly(4-benzoylstyrene),1.15,0.05,,,,,,,,,,,,,,,,,,,,,
N([*])C(C)CC([*])(=O),CC(N[*])CC(=O)[*],Poly(4-aminobutyric acid) (nylon 4),1.18,0.04,,,,,,,,,,,,,,,,,,,,,
C([*])C([*])(c1ccc(C(C)=O)cc1),C(C(C1=CC=C(C=C1)C(C)=O)[*])[*],Poly(4-acetylstyrene),1.12,0.04,,,,,,,,,,,,,,,,,,,,,
C([*])C([*])(C)(C(=O)OCCC(C)CC(C)(C)C),C(C(C)(C(=O)OCCC(C)CC(C)(C)C)[*])[*],"Poly(3,5,5-trimethylhexyl methacrylate)",0.98,0.04,,,,,,,,,,,,,,,,,,,,,
C([*])C([*])(c1cc(C)cc(C)c1),C(C(C1=CC(=CC(=C1)C)C)[*])[*],"Poly(3,5-dimethylstyrene)",0.99,0.04,,,,,,,,,,,,,,,,,,,,,
C([*])C([*])(c1ccc(C)c(C)c1),C(C(C1=CC(=C(C)C=C1)C)[*])[*],"Poly(3,4-dimethylstyrene)",0.99,0.04,,,,,,,,,,,,,,,,,,,,,
C([*])C([*])(c1ccc(Cl)c(Cl)c1),C(C(C1=CC(=C(Cl)C=C1)Cl)[*])[*],"Poly(3,4-dichlorostyrene)",1.34,0.06,,,,,,,,,,,,,,,,,,,,,
C([*])C([*])(C)(C(=O)OC1CC(C)CC(C)(C)C1),C(C(C)(C(=O)OC1CC(C)CC(C)(C)C1)[*])[*],"Poly(3,3,5-trimethylcyclohexyl methacrylate)",1,0.04,,,,,,,,,,,,,,,,,,,,,
C([*])C([*])(C(=O)OC1CC(C)CC(C)(C)C1),C(C(C(=O)OC1CC(C)CC(C)(C)C1)[*])[*],"Poly(3,3,5-trimethylcyclohexyl acrylate)",1.01,0.04,,,,,,,,,,,,,,,,,,,,,
C([*])C([*])(CCC(C)(C)C),C(C(CCC(C)(C)C)[*])[*],"Poly(3,3-dimethylbutylethylene)",0.87,0.04,,,,,,,,,,,,,,,,,,,,,
C([*])C([*])(C)(C(=O)OCCC(C)(C)C),C(C(C)(C(=O)OCCC(C)(C)C)[*])[*],"Poly(3,3-dimethylbutyl methacrylate)",1.01,0.04,,,,,,,,,,,,,,,,,,,,,
C([*])C([*])(C)(C(=O)OC(C)C(C)(C)C),C(C(C)(C(=O)OC(C)C(C)(C)C)[*])[*],"Poly(3,3-dimethyl-2-butyl methacrylate)",1.01,0.04,,,,,,,,,,,,,,,,,,,,,
C([*])C([*])(C(=O)OCCSCC),C(C(C(=O)OCCSCC)[*])[*],Poly(3-thiapentyl acrylate),1.19,0.05,,,,,,,,,,,,,,,,,,,,,
C([*])C([*])(C(=O)OCCSC),C(C(C(=O)OCCSC)[*])[*],Poly(3-thiabutyl acrylate),1.24,0.05,,,,,,,,,,,,,,,,,,,,,
C([*])=CC([*])(C1=CC=CC=C1),C(=CC(C1=CC=CC=C1)[*])[*],Poly(3-phenyl-1-propene),1.07,0.05,,,,,,,,,,,,,,,,,,,,,
C([*])C(C)OC(C=C1)=CC=C1O([*]),C(C(C)OC1=CC=C(O[*])C=C1)[*],Poly(3-phenoxypropylene oxide),1.11,0.05,,,,,,,,,,,,,,,,,,,,,
C([*])C([*])(C(=O)OC(CC)CC),C(C(C(=O)OC(CC)CC)[*])[*],Poly(3-pentyl acrylate),1.05,0.04,,,,,,,,,,,,,,,,,,,,,
C([*])C([*])(C)(C(=O)OCCOC),C(C(C)(C(=O)OCCOC)[*])[*],Poly(3-oxabutyl methacrylate),1.13,0.04,,,,,,,,,,,,,,,,,,,,,
C([*])C([*])(C1=CC(C)=CC=C1),C(C(C1=CC(=CC=C1)C)[*])[*],Poly(3-methylstyrene),1.01,0.04,,,,,,,,,,,,,,,,,,,,,
C([*])C([*])(C(=O)OCCC(C)C),C(C(C(=O)OCCC(C)C)[*])[*],Poly(3-methylbutyl acrylate),1.05,0.04,,,,,,,,,,,,,,,,,,,,,
C([*])=CC(C)C([*]),C(C(C)C=C[*])[*],Poly(3-methyl-1-butene),0.92,0.04,,,,,,,,,,,,,,,,,,,,,
C([*])CC(C)CCC([*]),C(CCC(C)CC[*])[*],Poly(3-methyl hexane),0.87,0.04,,,,,,,,,,,,,,,,,,,,,
C([*])C(C)OCO([*]),C(C(C)OCO[*])[*],Poly(3-methoxypropylene oxide),1.09,0.04,,,,,,,,,,,,,,,,,,,,,
C([*])C([*])(C(=O)OCCCOC),C(C(C(=O)OCCCOC)[*])[*],Poly(3-methoxypropyl acrylate),1.13,0.04,,,,,,,,,,,,,,,,,,,,,
C([*])C([*])(C(=O)Oc1cccc(C(=O)OC)c1),C(C(C(=O)OC1=CC(=CC=C1)C(=O)OC)[*])[*],Poly(3-methoxycarbonylphenyl acrylate),1.25,0.05,,,,,,,,,,,,,,,,,,,,,
C([*])C([*])(C(=O)OCCC(C)OC),C(C(C(=O)OCCC(C)OC)[*])[*],Poly(3-methoxybutyl acrylate),1.1,0.04,,,,,,,,,,,,,,,,,,,,,
C([*])C([*])(c1cccc(CO)c1),C(C(C1=CC(=CC=C1)CO)[*])[*],Poly(3-hydroxymethylstyrene),1.11,0.04,,,,,,,,,,,,,,,,,,,,,
C([*])C([*])(c1cccc(CC)c1),C(C(C1=CC(=CC=C1)CC)[*])[*],Poly(3-ethylstyrene),0.99,0.04,,,,,,,,,,,,,,,,,,,,,
C([*])C([*])(C(=O)OCCOCC),C(C(C(=O)OCCOCC)[*])[*],Poly(3-ethoxypropyl acrylate),1.13,0.04,,,,,,,,,,,,,,,,,,,,,
C([*])C([*])(C(=O)Oc1cccc(C(=O)OCC)c1),C(C(C(=O)OC1=CC(=CC=C1)C(=O)OCC)[*])[*],Poly(3-ethoxycarbonylphenyl acrylate),1.22,0.05,,,,,,,,,,,,,,,,,,,,,
C([*])C([*])(C(=O)Oc1cccc(N(C)C)c1),C(C(C(=O)OC1=CC(=CC=C1)N(C)C)[*])[*],Poly(3-dimethylaminophenyl acrylate),1.14,0.05,,,,,,,,,,,,,,,,,,,,,
C([*])C([*])(c1cccc(Cl)c1),C(C(C1=CC(=CC=C1)Cl)[*])[*],Poly(3-chlorostyrene),1.19,0.05,,,,,,,,,,,,,,,,,,,,,
O([*])C(COCCCC)C([*]),C(C(O[*])COCCCC)[*],Poly(3-butoxypropylene oxide),1.01,0.04,,,,,,,,,,,,,,,,,,,,,
C([*])(=O)OC(C([Cl])=C1)=C([Cl])C=C1C(C)(C)C(C=C2([Cl]))=CC([Cl])=C2O([*]),CC(C)(C1=CC(=C(O[*])C(=C1)Cl)Cl)C2=CC(=C(OC(=O)[*])C(=C2)Cl)Cl,"Poly(2,6,3',5'-tetrachloro bisphenol A carbonate)",1.4,0.16,,,,,,,,,,,,,,,,,,,,,
O([*])C(C(C2=CC=CC=C2)=C1)=C(C3=CC=CC=C3)C=C1([*]),O(C1=C(C=C(C=C1C2=CC=CC=C2)[*])C3=CC=CC=C3)[*],"Poly(2,6-diphenyl-p-phenylene oxide)",1.14,0.05,,,,,,,,,,,,,,,,,,,,,
O([*])C(C(C)=C1)=C(C)C=C1([*]),CC1=CC(=CC(=C1O[*])C)[*],"Poly(2,6-dimethyl-p-phenylene oxide)",1.07,0.06,,,,,,,,,,,,,,,,,,,,,
C([*])C([*])(c1c(Cl)cccc1Cl),C(C(C1=C(Cl)C=CC=C1Cl)[*])[*],"Poly(2,6-dichlorostyrene)",1.34,0.06,,,,,,,,,,,,,,,,,,,,,
C([*])C([*])(c1cc(C)ccc1C),C(C(C1=C(C)C=CC(=C1)C)[*])[*],"Poly(2,5-dimethylstyrene)",0.99,0.04,,,,,,,,,,,,,,,,,,,,,
C([*])C([*])(c1cc(C(C)C)ccc1C(C)C),C(C(C1=C(C=CC(=C1)C(C)C)C(C)C)[*])[*],"Poly(2,5-diisopropylstyrene)",0.95,0.04,,,,,,,,,,,,,,,,,,,,,
C([*])C([*])(C1=C(F)C=CC(F)=C1),C(C(C1=C(F)C=CC(=C1)F)[*])[*],"Poly(2,5-difluorostyrene)",1.04,0.06,,,,,,,,,,,,,,,,,,,,,
C([*])C([*])(c1ccc(F)cc1F),C(C(C1=C(F)C=C(F)C=C1)[*])[*],"Poly(2,5-difluorostyrene)",1.04,0.06,,,,,,,,,,,,,,,,,,,,,
C([*])C([*])(c1cc(Cl)ccc1Cl),C(C(C1=C(Cl)C=CC(=C1)Cl)[*])[*],"Poly(2,5-dichlorostyrene)",1.34,0.06,,,,,,,,,,,,,,,,,,,,,
C([*])C([*])(c1ccc(Cl)cc1Cl),C(C(C1=C(Cl)C=C(Cl)C=C1)[*])[*],"Poly(2,4-dichlorostyrene)",1.34,0.06,,,,,,,,,,,,,,,,,,,,,
C([*])C([*])(C(=O)OCC(F)(F)C(F)(F)OC(F)(F)F),C(C(C(=O)OCC(F)(F)C(F)(F)OC(F)(F)F)[*])[*],"Poly(2,2,3,3,5,5,5-heptafluoro-4-oxapentyl acrylate)",1.46,0.19,,,,,,,,,,,,,,,,,,,,,
N([*])CC(C)(C)CC(C)CCNC(=O)C(C=C1)=CC=C1C([*])(=O),CC(CCNC(=O)C1=CC=C(C(=O)[*])C=C1)CC(C)(C)CN[*],"Poly(2,2,2-trimethylhexamethylene terephthalamide)",1.13,0.05,,,,,,,,,,,,,,,,,,,,,
C([*])C([*])(C(=O)OCC(F)(F)F),C(C(C(=O)OCC(F)(F)F)[*])[*],"Poly(2,2,2-trifluoroethyl acrylate)",1.44,0.08,,,,,,,,,,,,,,,,,,,,,
*C(C1=CC=CC=N1)C*,C(C(C1=CC=CC=N1)[*])[*],Poly(2-vinyl pyridine),1.12,0.04,P2VP,,,,,,,,,,,,,,,,,,,,
C([*])C=C(C(C)(C)(C))C([*]),C(C=C(C[*])C(C)(C)C)[*],"Poly(2-tert. Butyl-1,3-butadiene)(cis)",0.9,0.04,,,,,,,,,,,,,,,,,,,,,
C([*])C([*])(C(=O)Oc1ccccc1C(C)(C)C),C(C(C(=O)OC1=C(C=CC=C1)C(C)(C)C)[*])[*],Poly(2-tert-butylphenyl acrylate),1.08,0.05,,,,,,,,,,,,,,,,,,,,,
C([*])C([*])(C)(C(=O)OCCNC(C)(C)C),C(C(C)(C(=O)OCCNC(C)(C)C)[*])[*],Poly(2-tert-butylaminoethyl methacrylate),1.04,0.04,,,,,,,,,,,,,,,,,,,,,
C([*])C([*])(C)(C(=O)OCCC1=CC=CC=C1),C(C(C)(C(=O)OCCC1=CC=CC=C1)[*])[*],Poly(2-phenylethyl methacrylate),1.11,0.04,,,,,,,,,,,,,,,,,,,,,
C([*])C([*])(C(=O)OC(C)CCCCCC),C(C(C(=O)OC(C)CCCCCC)[*])[*],Poly(2-octyl acrylate),1,0.04,,,,,,,,,,,,,,,,,,,,,
C([*])C([*])(C(=O)Oc2ccc1ccccc1c2),C(C(C(=O)OC1=CC2=CC=CC=C2C=C1)[*])[*],Poly(2-naphthyl acrylate),1.18,0.05,,,,,,,,,,,,,,,,,,,,,
C([*])C([*])(C1=C(C)C=CC=C1),C(C(C1=C(C)C=CC=C1)[*])[*],Poly(2-methylstyrene),1.01,0.04,,,,,,,,,,,,,,,,,,,,,
C([*])C([*])(C(=O)OCC(C)CCC),C(C(C(=O)OCC(C)CCC)[*])[*],Poly(2-methylpentyl acrylate),1.03,0.04,,,,,,,,,,,,,,,,,,,,,
C([*])C([*])(C(=O)OCC(C)CC),C(C(C(=O)OCC(C)CC)[*])[*],Poly(2-methylbutyl acrylate),1.05,0.04,,,,,,,,,,,,,,,,,,,,,
C([*])C([*])(C(=O)OC(CCC(CC)CCCC)CC(C)C),C(C(C(=O)OC(CCC(CC)CCCC)CC(C)C)[*])[*],Poly(2-methyl-7-ethyl-4-undecyl acrylate),0.95,0.04,,,,,,,,,,,,,,,,,,,,,
C([*])C([*])(C1=C(OC)C=CC=C1),C(C(C1=C(OC)C=CC=C1)[*])[*],Poly(2-methoxystyrene),1.06,0.05,,,,,,,,,,,,,,,,,,,,,
C([*])C([*])(C(=O)OCCOC),C(C(C(=O)OCCOC)[*])[*],Poly(2-methoxyethyl acrylate),1.17,0.04,,,,,,,,,,,,,,,,,,,,,
C([*])C([*])(C(=O)Oc1ccccc1C(=O)OC),C(C(C(=O)OC1=C(C=CC=C1)C(=O)OC)[*])[*],Poly(2-methoxycarbonylphenyl acrylate),1.25,0.05,,,,,,,,,,,,,,,,,,,,,
C([*])C([*])(c1ccccc1C(=O)OCCC(C)C),C(C(C1=C(C=CC=C1)C(=O)OCCC(C)C)[*])[*],Poly(2-isopentyloxycarbonylstyrene),1.07,0.04,,,,,,,,,,,,,,,,,,,,,
C([*])C([*])(c1ccccc1C(=O)OCC(C)C),C(C(C1=C(C=CC=C1)C(=O)OCC(C)C)[*])[*],Poly(2-isobutoxycarbonylstyrene),1.09,0.04,,,,,,,,,,,,,,,,,,,,,
C([*])C([*])(C)(C(=O)OCC(O)C),C(C(C)(C(=O)OCC(C)O)[*])[*],Poly(2-hydroxypropyl methacrylate),1.17,0.04,,,,,,,,,,,,,,,,,,,,,
C([*])C([*])(c1ccccc1CO),C(C(C1=C(CO)C=CC=C1)[*])[*],Poly(2-hydroxymethylstyrene),1.11,0.04,,,,,,,,,,,,,,,,,,,,,
C([*])C([*])(C)(C(=O)OCCO),C(C(C)(C(=O)OCCO)[*])[*],Poly(2-hydroxyethyl methacrylate),1.21,0.04,poly-HEMA,,Hydron,,,,,,,,,,,,,,,,,,
C([*])C([*])(c1ccccc1C(=O)OCCCCCC),C(C(C1=C(C=CC=C1)C(=O)OCCCCCC)[*])[*],Poly(2-hexyloxycarbonylstyrene),1.05,0.04,,,,,,,,,,,,,,,,,,,,,
C([*])C([*])(c1cc(C)ccc1F),C(C(C1=C(F)C=CC(=C1)C)[*])[*],Poly(2-fluoro-5-methylstyrene),1.05,0.05,,,,,,,,,,,,,,,,,,,,,
C([*])C([*])(C)(C(=O)OCCS(=O)CC),C(C(C)(C(=O)OCC[S](=O)CC)[*])[*],Poly(2-ethylsulfinylethyl methacrylate),1.2,0.04,,,,,,,,,,,,,,,,,,,,,
C([*])C([*])(c1ccccc1CC),C(C(C1=C(CC)C=CC=C1)[*])[*],Poly(2-ethylstyrene),0.99,0.04,,,,,,,,,,,,,,,,,,,,,
C([*])C([*])(C)(C(=O)OCC(CC)CCCC),C(C(C)(C(=O)OCC(CC)CCCC)[*])[*],Poly(2-ethylhexyl methacrylate),0.99,0.04,,,,,,,,,,,,,,,,,,,,,
C([*])C([*])(C(=O)OCC(CC)CCCC),C(C(C(=O)OCC(CC)CCCC)[*])[*],Poly(2-ethylhexyl acrylate),1,0.04,,,,,,,,,,,,,,,,,,,,,
C([*])C([*])(C)(C(=O)OCC(CC)CC),C(C(C)(C(=O)OCC(CC)CC)[*])[*],Poly(2-ethylbutyl methacrylate),1.01,0.04,,,,,,,,,,,,,,,,,,,,,
C([*])C([*])(C(=O)OCC(CC)CC),C(C(C(=O)OCC(CC)CC)[*])[*],Poly(2-ethylbutyl acrylate),1.03,0.04,,,,,,,,,,,,,,,,,,,,,
C([*])C([*])(c1ccccc1COCC),C(C(C1=C(COCC)C=CC=C1)[*])[*],Poly(2-ethoxymethylstyrene),1.03,0.04,,,,,,,,,,,,,,,,,,,,,
C([*])C([*])(C)(C(=O)OCCOCC),C(C(C)(C(=O)OCCOCC)[*])[*],Poly(2-ethoxyethyl methacrylate),1.1,0.04,,,,,,,,,,,,,,,,,,,,,
C([*])C([*])(c1ccccc1C(=O)OCC),C(C(C1=C(C=CC=C1)C(=O)OCC)[*])[*],Poly(2-ethoxycarbonylstyrene),1.14,0.04,,,,,,,,,,,,,,,,,,,,,
C([*])C([*])(C(=O)Oc1ccccc1C(=O)OCC),C(C(C(=O)OC1=C(C=CC=C1)C(=O)OCC)[*])[*],Poly(2-ethoxycarbonylphenyl acrylate),1.22,0.05,,,,,,,,,,,,,,,,,,,,,
C([*])C([*])(c1ccccc1C(=O)N(C)C),C(C(C1=C(C=CC=C1)C(=O)N(C)C)[*])[*],Poly(2-dimethylaminocarbonylstyrene),1.11,0.06,,,,,,,,,,,,,,,,,,,,,
C([*])C([*])(C(=O)OCC(C)(C)C#N),C(C(C(=O)OCC(C)(C)C#N)[*])[*],Poly(2-cyanoisobutyl acrylate),1.21,0.04,,,,,,,,,,,,,,,,,,,,,
C([*])C([*])(C(=C)OCC(C#N)CCCC),C(C(C(=C)OCC(CCCC)C#N)[*])[*],Poly(2-cyanohexyl acrylate),1.05,0.04,,,,,,,,,,,,,,,,,,,,,
C([*])C([*])(C(=C)OCC(C#N)CCCCC),C(C(C(=C)OCC(CCCCC)C#N)[*])[*],Poly(2-cyanoheptyl acrylate),1.04,0.04,,,,,,,,,,,,,,,,,,,,,
C([*])C([*])(C)(C(=O)OCCCC#N),C(C(C)(C(=O)OCCCC#N)[*])[*],Poly(2-cyanoethyl methacrylate),1.21,0.04,,,,,,,,,,,,,,,,,,,,,
C([*])C([*])(C(=O)OCCC#N),C(C(C(=O)OCCC#N)[*])[*],Poly(2-cyanoethyl acrylate),1.31,0.04,,,,,,,,,,,,,,,,,,,,,
C([*])C([*])(C1=C([Cl])C=CC=C1),C(C(C1=C(Cl)C=CC=C1)[*])[*],Poly(2-chlorostyrene),1.19,0.05,,,,,,,,,,,,,,,,,,,,,
O([*])C(=O)OC(C=C1)=C([Cl])C=C1C(C)(C)C(C=C2)=CC([Cl])=C2([*]),CC(C)(C1=CC(=C(C=C1)[*])Cl)C2=CC(=C(OC(O[*])=O)C=C2)Cl,Poly(2-chlorophenyl acrylate),1.34,0.06,,,,,,,,,,,,,,,,,,,,,
C([*])C([*])(COOc1ccccc1Cl),C(C(COOC1=C(Cl)C=CC=C1)[*])[*],Poly(2-chlorophenyl acrylate),1.1,0.05,,,,,,,,,,,,,,,,,,,,,
C([*])C([*])(C)(C(=O)OCC[Cl]),C(C(C)(C(=O)OCCCl)[*])[*],Poly(2-chloroethyl methacrylate),1.28,0.05,,,,,,,,,,,,,,,,,,,,,
C([*])C(C=C1)=C([Cl])C=C1C([*]),C(C1=CC(=C(C[*])C=C1)Cl)[*],Poly(2-chloro-p-xylylene),1.32,0.06,,,,,,,,,,,,,,,,,,,,,
C([*])C([*])(c1ccccc1C(=O)O),C(C(C1=C(C=CC=C1)C(O)=O)[*])[*],Poly(2-carboxystyrene),1.25,0.05,,,,,,,,,,,,,,,,,,,,,
C([*])C([*])(c1ccccc1COCCCC),C(C(C1=C(COCCCC)C=CC=C1)[*])[*],Poly(2-butoxymethylstyrene),1,0.04,,,,,,,,,,,,,,,,,,,,,
C([*])C([*])(c1ccccc1C(=O)OCCCC),C(C(C1=C(C=CC=C1)C(=O)OCCCC)[*])[*],Poly(2-butoxycarbonylstyrene),1.09,0.04,,,,,,,,,,,,,,,,,,,,,
C([*])C([*])(C)(C(=O)OCCBr),C(C(C)(C(=O)OCCBr)[*])[*],Poly(2-bromoethyl methacrylate),1.42,0.06,,,,,,,,,,,,,,,,,,,,,
N([*])CCCCCCCCCC([*])(=O),N(CCCCCCCCCC(=O)[*])[*],Poly(10-aminodecanoic acid) (nylon 10),1,0.04,,,,,,,,,,,,,,,,,,,,,
S([*])C(C=C1)=CC=C1([*]),S(C1=CC=C(C=C1)[*])[*],"Poly(1,4-phenylene sulfide)",1.36,0.06,,,,,,,,,,,,,,,,,,,,,
C([*])C=CC([*])(C),C(C=CC(C)[*])[*],"Poly(1,4-pentadiene)",0.92,0.04,,,,,,,,,,,,,,,,,,,,,
C([*])(C=C1)=CC=C1C(=O)OCC(CC1)CCC1COC([*])(=O),O=C(OCC1CCC(CC1)COC(=O)C2=CC=C(C=C2)[*])[*],"Poly(1,4-cyclohexylidene dimethylene terephthalate) (Kodel) (trans)",1.21,0.05,,,,,,,,,,,,,,,,,,,,,
C([*])C=CC([*]),C(C=CC[*])[*],"Poly(1,4-butadiene)",0.93,0.04,,,,,,,,,,,,,,,,,,,,,
C([*])C([*])(C=C),C(C(C=C)[*])[*],"Poly(1,2-butadiene)",0.93,0.04,,,,,,,,,,,,,,,,,,,,,
C([*])=CCCC([*]),C(CCC=C[*])[*],Poly(1-pentene),0.92,0.04,,,,,,,,,,,,,,,,,,,,,
C([*])=CCCCCCCCCCCCCCCCC([*]),C(CCCCCCCCCCCCCCCC=C[*])[*],Poly(1-octadecene),0.88,0.04,,,,,,,,,,,,,,,,,,,,,
C([*])=CCCCC([*]),C(CCCC=C[*])[*],Poly(1-hexene),0.91,0.04,,,,,,,,,,,,,,,,,,,,,
C([*])C([*])(CCCCC),C(C(CCCCC)[*])[*],Poly(1-heptene),0.87,0.04,,,,,,,,,,,,,,,,,,,,,
C([*])(CC)=CCC([*]),C(CC=C(CC)[*])[*],"Poly(1-ethyl-1,4-butadiene)",0.91,0.04,,,,,,,,,,,,,,,,,,,,,
C(F)C(F)(F),FCC(F)F,Poly-trifluoroethylene,1.98,0.23,PTrFE,,,,,,,,,,,,,,,,,,,,
C(C(F)(F)(F))OCC(C(F)(F)(F))OC,COC(COCC(F)(F)F)C(F)(F)F,Poly-trifluoro-methyloxirane,1.44,0.17,,,,,,,,,,,,,,,,,,,,,
C(OC1=C2)=NC1=CC=C2C(=NC3=C4)OC3=CC=C4,O1C=NC2=CC=C(C=C12)C3=NC4=CC=CC=C4O3,Poly-benzothiazole,1.43,0.09,,,,,,,,,,,,,,,,,,,,,
C([*])/C=C(C)C([*]),C(C=C(C[*])C)[*],PoIy(isoprene) cis,0.92,0.04,,,,,,,,,,,,,,,,,,,,,
C([*])C([*])(C(=O)OCC(F)(F)C(F)(F)C(F)(F)F),C(C(C(=O)OCC(F)(F)C(F)(F)C(F)(F)F)[*])[*],"PoIy(IH, lH-heptafluorobutyl acrylate)",1.63,0.18,,,,,,,,,,,,,,,,,,,,,
C([*])C([*])(C(=O)OC(C)CC(C)C),C(C(C(=O)OC(C)CC(C)C)[*])[*],"PoIy(1,3-dimethylbutyl acrylate)",1.03,0.04,,,,,,,,,,,,,,,,,,,,,
O([*])CCOCCOCCOCCOC(=O)NCCCCCCNC([*])(=O),O(CCOCCOCCOCCOC(=O)NCCCCCCNC(=O)[*])[*],PEG 200 - HMDI Urethane,1.17,0.05,,,,,,,,,,,,,,,,,,,,,
O([*])CCOCCOC(=O)NCCCCCCNC([*])(=O),O(CCOCCOC(=O)NCCCCCCNC(=O)[*])[*],PEG 100 - HMDI Urethane,1.2,0.05,,,,,,,,,,,,,,,,,,,,,
*NCCCCCCNC(=O)c1ccc(C(*)=O)cc1,N(CCCCCCNC(=O)C1=CC=C(C(=O)[*])C=C1)[*],PA 6T,1.19,0.05,Nylon 6T,poly(hexamethylene terephthalamide); polyamide 6T,,,,,,,,,,,,,,,,,,,
N([*])C(=O)CCCCCCC([*]),C(CCCCCCC(N[*])=O)[*],Nylon 8,1.03,0.04,PA 8,polyamide 8; polycaprylamide; polycaprolactam; polyoctanoamide,,,,,,,,,,,,,,,,,,,
N([*])C(=O)CCCCC(=O)NCCCCCC([*]),C(CCCCCNC(=O)CCCCC(N[*])=O)[*],Nylon 6-6,1.08,0.04,PA 66; Nylon 66,"Poly(hexamethylene adipamide); polyamide 66; poly-[imino-(1,6-dioxohexamethylene)iminohexamethylene]; poly(iminoadipoyliminohexamethylene); Poly[imino(1,6-dioxo-1,6-hexanediyl)imino-1,6-hexanediyl]",Perlon,,,,,,,,,,,,,,,,,,
N([*])C(=O)CCCCCCCCCCC(=O)NCCCCCC([*]),C(CCCCCNC(=O)CCCCCCCCCCC(N[*])=O)[*],Nylon 6-12,1.01,0.04,,,,,,,,,,,,,,,,,,,,,
N([*])C(=O)CCCCCCCCC(=O)NCCCCCC([*]),C(CCCCCNC(=O)CCCCCCCCC(N[*])=O)[*],Nylon 6-10,1.03,0.04,,,,,,,,,,,,,,,,,,,,,
N([*])CCCCCC([*])(=O),N(CCCCCC(=O)[*])[*],Nylon 6,1.08,0.04,PA 6; Nylon 6,Poly(caprolactam); polyamide 6; poly(-aminocaproamide); poly(6-aminocaproic acid); poly(-aminocaproic acid); poly(-caproamide); polycaprolactam; poly-[imino-(1-oxohexamethylene)],Perlon; Plaskon,,,,,,,,,,,,,,,,,,
N([*])C(=O)CCCCCCCCCCC([*]),C(CCCCCCCCCCC(N[*])=O)[*],Nylon 12,0.98,0.04,PA 12; Nylon 12,polydodecanoamide; polyamide 12; polylauryllactam; Poly(-dodecanamide),Vestamid L,,,,,,,,,,,,,,,,,,
N([*])C(=O)CCCCCCCCCC([*]),C(CCCCCCCCCC(N[*])=O)[*],Nylon 11,0.99,0.04,PA 11; Nylon 11,"polyamide 11; poly(11-aminoundecanoic acid); polyundecanoamide; poly(11-undecanoamide); Poly(-undecanamide); Poly(imino-1-oxoundecamethylene); Poly[imino(1-oxoundecane-1,11-diyl)]; Poly(undecano-11-lactam)",French Natural ES,,,,,,,,,,,,,,,,,,
NC(C=C1)=CC=C1NC(C=C2)=CC=C2,NC1=CC=C(NC2=CC=CC=C2)C=C1,NH-C6H4-NH-C6H4,1.22,0.18,,,,,,,,,,,,,,,,,,,,,
NC(C=C1)=CC=C1NC2=CC=C(S2),NC1=CC=C(NC2=CC=CS2)C=C1,NH-C6H4-NH-C4H2S,1.5,0.23,,,,,,,,,,,,,,,,,,,,,
NC(C=C1)=CC=C1C(C=C2)=CC=C2C,CC1=CC=C(C=C1)C2=CC=C(N)C=C2,NH-C6H4-C6H4-CH2,1.17,0.06,,,,,,,,,,,,,,,,,,,,,
NC(C=C1)=CC=C1C(C=C2)=CC=C2C(C=C3)=CC=C3,NC1=CC=C(C=C1)C2=CC=C(C=C2)C3=CC=CC=C3,NH-C6H4-C6H4-C6H4,1.19,0.08,,,,,,,,,,,,,,,,,,,,,
NC(C=C1)=CC=C1C(C=C2)=CC=C2C3=CC=C(S3),NC1=CC=C(C=C1)C2=CC=C(C=C2)C3=CC=CS3,NH-C6H4-C6H4-C4H2S,1.37,0.1,,,,,,,,,,,,,,,,,,,,,
NC(C=C1)=CC=C1C2=CC=C(S2)C(C=C3)=CC=C3,NC1=CC=C(C=C1)C2=CC=C(S2)C3=CC=CC=C3,NH-C6H4-C4H2S-C6H4,1.37,0.1,,,,,,,,,,,,,,,,,,,,,
NC(C=C1)=CC=C1C2=CC=C(S2)C3=CC=C(S3),NC1=CC=C(C=C1)C2=CC=C(S2)C3=CC=CS3,NH-C6H4-C4H2S-C4H2S,1.57,0.14,,,,,,,,,,,,,,,,,,,,,
NC1=CC=C(S1)NC2=CC=C(S2),NC1=CC=C(NC2=CC=CS2)S1,NH-C4H2S-NH-C4H2S,1.76,0.35,,,,,,,,,,,,,,,,,,,,,
NC1=CC=C(S1)C(C=C2)=CC=C2C3=CC=C(S3),NC1=CC=C(S1)C2=CC=C(C=C2)C3=CC=CS3,NH-C4H2S-C6H4-C4H2S,1.56,0.13,,,,,,,,,,,,,,,,,,,,,
NC1=CC=C(S1)C2=CC=C(S2)C,CC1=CC=C(S1)C2=CC=C(N)S2,NH-C4H2S-C4H2S-CH2,1.61,0.13,,,,,,,,,,,,,,,,,,,,,
NC1=CC=C(S1)C2=CC=C(S2)C3=CC=C(S3),NC1=CC=C(S1)C2=CC=C(S2)C3=CC=CS3,NH-C4H2S-C4H2S-C4H2S,1.68,0.22,,,,,,,,,,,,,,,,,,,,,
N([*])C(C=C1)=CC=C1NC(=O)C(C=C2)=CC=C2C([*])(=O),N(C1=CC=C(NC(=O)C2=CC=C(C(=O)[*])C=C2)C=C1)[*],Kevlar,1.4,0.05,,,,,,,,,,,,,,,,,,,,,
CC(C)(c2ccc(OCC1CO1)cc2)c4ccc(OCC3CO3)cc4,CC(C)(C1=CC=C(OCC2CO2)C=C1)C3=CC=C(OCC4CO4)C=C3,DGEBA Epoxy Resin,1.13,0.05,DGEBA; ER; EPR; epoxy; epoxy resin,bisphenol A epoxy resin; Bisphenol-A epoxy resin; diglycidyl ether of bisphenol A; Diglycidyl Ether-Bisphenol A resin; Diglycidyl ether of bisphenol-A epoxy resin; BISPHENOL A DIGLYCIDYL ETHER,DER661; CY1300; Araldite CY 5808 US; Vantico CT1300; JER 282; Araldite F; DER 331; Epon 828; SC-15; E-44; Ruetapox LV 0164; Araldite GY 2600; YD 128; Araldite LY 564; Paraplex; Epikote,,,,,,,,,,,,,,,,,,
C([*])C(O)COC(C=C1)=CC=C1CC(C=C2)=CC=C2O([*]),C(C(O)COC1=CC=C(CC2=CC=C(O[*])C=C2)C=C1)[*],DGEBF Epoxy Resin,1.16,0.05,DGEBF,diglycidyl ether of bisphenol F; Bisphenol-F Diglycidyl Ether Epoxy Resin; bisphenol F epoxy,Epon 862,,,,,,,,,,,,,,,,,,
C([*])C(O)COC(C=C1)=CC=C1C(C)(C)C(C=C2)=CC=C2OCC(O)CNCCCCCCCCN([*]),C(C(O)COC1=CC=C(C=C1)C(C)(C)C2=CC=C(OCC(O)CNCCCCCCCCN[*])C=C2)[*],DGEBA/Octanediamine Epoxy,1.07,0.05,,"Poly(bisphenol-A diglycidyl ether-alt-1,8-diamino octane)",,,,,,,,,,,,,,,,,,,
C([*])C(O)COC(C=C1)=CC=C1C(C)(C)C(C=C2)=CC=C2OCC(O)CNCCCCCCN([*]),C(C(O)COC1=CC=C(C=C1)C(C)(C)C2=CC=C(OCC(O)CNCCCCCCN[*])C=C2)[*],DGEBA/Hexamine Epoxy,1.09,0.05,,,,,,,,,,,,,,,,,,,,,
C([*])C(O)COC(C=C1)=CC=C1C(C)(C)C(C=C2)=CC=C2OCC(O)CNCCN([*]),C(C(O)COC1=CC=C(C=C1)C(C)(C)C2=CC=C(OCC(O)CNCCN[*])C=C2)[*],DGEBA/Edamine Epoxy,nylon,0.05,,,,,,,,,,,,,,,,,,,,,
C([*])(=O)OC(C=C1)=CC=C1CC(C=C2)=CC=C2O([*]),O(C1=CC=C(CC2=CC=C(OC(=O)[*])C=C2)C=C1)[*],Cpoly(bisphenol F carbonate),1.25,0.05,,,,,,,,,,,,,,,,,,,,,
CNCN,CNCN,CH2-NH-CH2-NH,1.14,0.05,,,,,,,,,,,,,,,,,,,,,
CNCC(C=C1)=CC=C1,CNCC1=CC=CC=C1,CH2-NH-CH2-C6H4,1.1,0.05,,,,,,,,,,,,,,,,,,,,,
CNCC1=CC=C(S1),CNCC1=CC=CS1,CH2-NH-CH2-C4H2S,1.37,0.06,,,,,,,,,,,,,,,,,,,,,
CNC(C=C1)=CC=C1N,CNC1=CC=C(N)C=C1,CH2-NH-C6H4-NH,1.22,0.1,,,,,,,,,,,,,,,,,,,,,
CNC(C=C1)=CC=C1C2=CC=C(S2),CNC1=CC=C(C=C1)C2=CC=CS2,CH2-NH-C6H4-C4H2S,1.39,0.08,,,,,,,,,,,,,,,,,,,,,
CNC1=CC=C(S1)N,CNC1=CC=C(N)S1,CH2-NH-C4H2S-NH,1.62,0.19,,,,,,,,,,,,,,,,,,,,,
CNC1=CC=C(S1)C(C=C2)=CC=C2,CNC1=CC=C(S1)C2=CC=CC=C2,CH2-NH-C4H2S-C6H4,1.39,0.07,,,,,,,,,,,,,,,,,,,,,
CCNC(C=C1)=CC=C1,CCNC1=CC=CC=C1,CH2-CH2-NH-C6H4,1.13,0.06,,,,,,,,,,,,,,,,,,,,,
CCNC1=CC=C(S1),CCNC1=CC=CS1,CH2-CH2-NH-C4H2S,1.44,0.1,,,,,,,,,,,,,,,,,,,,,
CCCN,CCCN,CH2-CH2-CH2-NH,0.99,0.04,,,,,,,,,,,,,,,,,,,,,
CCCC(C=C1)=CC=C1,CCCC1=CC=CC=C1,CH2-CH2-CH2-C6H4,1.02,0.05,,,,,,,,,,,,,,,,,,,,,
CCCC1=CC=C(S1),CCCC1=CC=CS1,CH2-CH2-CH2-C4H2S,1.23,0.06,,,,,,,,,,,,,,,,,,,,,
CCC(C=C1)=CC=C1C(C=C2)=CC=C2,CCC1=CC=C(C=C1)C2=CC=CC=C2,CH2-CH2-C6H4-C6H4,1.08,0.05,,,,,,,,,,,,,,,,,,,,,
CCC(C=C1)=CC=C1C2=CC=C(S2),CCC1=CC=C(C=C1)C2=CC=CS2,CH2-CH2-C6H4-C4H2S,1.25,0.06,,,,,,,,,,,,,,,,,,,,,
CCC1=CC=C(S1)C2=CC=C(S2),CCC1=CC=C(S1)C2=CC=CS2,CH2-CH2-C4H2S-C4H2S,1.44,0.08,,,,,,,,,,,,,,,,,,,,,
CC(C=C1)=CC=C1NC(C=C2)=CC=C2,CC1=CC=C(NC2=CC=CC=C2)C=C1,CH2-C6H4-NH-C6H4,1.17,0.09,,,,,,,,,,,,,,,,,,,,,
CC(C=C1)=CC=C1NC2=CC=C(S2),CC1=CC=C(NC2=CC=CS2)C=C1,CH2-C6H4-NH-C4H2S,1.41,0.12,,,,,,,,,,,,,,,,,,,,,
CC(C=C1)=CC=C1CC(C=C2)=CC=C2,CC1=CC=C(CC2=CC=CC=C2)C=C1,CH2-C6H4-CH2-C6H4,1.08,0.05,,,,,,,,,,,,,,,,,,,,,
CC(C=C1)=CC=C1CC(S2)=CC=C2,CC1=CC=C(CC2=CC=CS2)C=C1,CH2-C6H4-CH2-C4H2S,1.25,0.06,,,,,,,,,,,,,,,,,,,,,
CC(C=C1)=CC=C1C(C=C2)=CC=C2C(C=C3)=CC=C3,CC1=CC=C(C=C1)C2=CC=C(C=C2)C3=CC=CC=C3,CH2-C6H4-C6H4-C6H4,1.11,0.05,,,,,,,,,,,,,,,,,,,,,
CC(C=C1)=CC=C1C(C=C2)=CC=C2C(S3)=CC=C3,CC1=CC=C(C=C1)C2=CC=C(C=C2)C3=CC=CS3,CH2-C6H4-C6H4-C4H2S,1.25,0.06,,,,,,,,,,,,,,,,,,,,,
CC(C=C1)=CC=C1C(S2)=CC=C2C(C=C3)=CC=C3,CC1=CC=C(C=C1)C2=CC=C(S2)C3=CC=CC=C3,CH2-C6H4-C4H2S-C6H4,1.25,0.06,,,,,,,,,,,,,,,,,,,,,
CC(C=C1)=CC=C1C(S2)=CC=C2C(S3)=CC=C3,CC1=CC=C(C=C1)C2=CC=C(S2)C3=CC=CS3,CH2-C6H4-C4H2S-C4H2S,1.4,0.07,,,,,,,,,,,,,,,,,,,,,
CC(S1)=CC=C1NO,CC1=CC=C(NO)S1,CH2-C4H2S-NH-O,1.63,0.12,,,,,,,,,,,,,,,,,,,,,
CC(S1)=CC=C1NC(=S),CC1=CC=C(NC=S)S1,CH2-C4H2S-NH-CS,1.65,0.19,,,,,,,,,,,,,,,,,,,,,
CC(S1)=CC=C1NC(S2)=CC=C2,CC1=CC=C(NC2=CC=CS2)S1,CH2-C4H2S-NH-C4H2S,1.65,0.19,,,,,,,,,,,,,,,,,,,,,
CC(S1)=CC=C1CC(S2)=CC=C2,CC1=CC=C(CC2=CC=CS2)S1,CH2-C4H2S-CH2-C4H2S,1.44,0.08,,,,,,,,,,,,,,,,,,,,,
CC(S1)=CC=C1C(C=C2)=CC=C2C(S3)=CC=C3,CC1=CC=C(S1)C2=CC=C(C=C2)C3=CC=CS3,CH2-C4H2S-C6H4-C4H2S,1.4,0.07,,,,,,,,,,,,,,,,,,,,,
CC(S1)=CC=C1C(S2)=CC=C2C(S3)=CC=C3,CC1=CC=C(S1)C2=CC=C(S2)C3=CC=CS3,CH2-C4H2S-C4H2S-C4H2S,1.5,0.14,,,,,,,,,,,,,,,,,,,,,
C(C(O)C1(O))C(CO)OC1O,OCC1CC(O)C(O)C(O)O1,Cellulose,1.43,0.12,,,,,,,,,,,,,,,,,,,,,
C([*])(C=C1)=CC=C1C(F)(F)C([*])(F)(F),FC(F)(C(F)(F)C1=CC=C(C=C1)[*])[*],C8H4F4,1.42,0.21,,,,,,,,,,,,,,,,,,,,,
C(C=C1)=CC=C1C(C=C2)=CC=C2C(C=C3)=CC=C3C(S4)=CC=C4,S1C=CC=C1C2=CC=C(C=C2)C3=CC=C(C=C3)C4=CC=CC=C4,C6H4-C6H4-C6H4-C4H2S,1.24,0.07,,,,,,,,,,,,,,,,,,,,,
C(C=C1)=CC=C1C(C=C2)=CC=C2C(S3)=CC=C3C(S4)=CC=C4,S1C=CC=C1C2=CC=C(S2)C3=CC=C(C=C3)C4=CC=CC=C4,C6H4-C6H4-C4H2S-C4H2S,1.37,0.07,,,,,,,,,,,,,,,,,,,,,
C(C=C1)=CC=C1C(S2)=CC=C2C(C=C3)=CC=C3C(S4)=CC=C4,S1C=CC=C1C2=CC=C(C=C2)C3=CC=C(S3)C4=CC=CC=C4,C6H4-C4H2S-C6H4-C4H2S,1.37,0.07,,,,,,,,,,,,,,,,,,,,,
C(C=C1)=CC=C1C(S2)=CC=C2C(S3)=CC=C3C(S4)=CC=C4,S1C=CC=C1C2=CC=C(S2)C3=CC=C(S3)C4=CC=CC=C4,C6H4-C4H2S-C4H2S-C4H2S,1.48,0.1,,,,,,,,,,,,,,,,,,,,,
C([*])C(C)(C)C(=O)O([*]),C(C(C)(C)C(O[*])=O)[*],C5H8O2,1.15,0.04,,,,,,,,,,,,,,,,,,,,,
CC(Cl)(Cl)C(=O)C(Cl)(Cl),CC(Cl)(Cl)C(=O)C(Cl)Cl,C4H2O1Cl4,1.69,0.25,,,,,,,,,,,,,,,,,,,,,
OC(Cl)(Cl)C(=S)C(Cl)(Cl),OC(Cl)(Cl)C(=S)C(Cl)Cl,C3O1S1Cl4,1.19,0.62,,,,,,,,,,,,,,,,,,,,,
CC(Cl)(Cl)OC(Cl)(Cl),CC(Cl)(Cl)OC(Cl)Cl,C3H2O1Cl4,1.65,0.34,,,,,,,,,,,,,,,,,,,,,
C(Cl)C(Cl)(Cl),ClCC(Cl)Cl,C2H1Cl3,1.35,0.58,,,,,,,,,,,,,,,,,,,,,
O([*])CCOC(=O)NC(C=C1)=CC=C1CC(C=C2)=CC=C2NC([*])(=O),O(CCOC(=O)NC1=CC=C(CC2=CC=C(NC(=O)[*])C=C2)C=C1)[*],C17H16O4N2,1.32,0.07,,,,,,,,,,,,,,,,,,,,,
C([*])(C=C1)=CC(C(C)=C2)=C1C=C2([*]),CC1=CC(=CC2=C1C=C(C=C2)[*])[*],C11H8,1.11,0.06,,,,,,,,,,,,,,,,,,,,,
O([*])CCCCOC(=O)NC(C=C1)=CC=C1CC(C=C2)=CC=C2NC([*])(=O),O(CCCCOC(=O)NC1=CC=C(CC2=CC=C(NC(=O)[*])C=C2)C=C1)[*],Butanediol-alt-Diphenylmethane Diisocyanate,1.27,0.06,,,,,,,,,,,,,,,,,,,,,
C([*])C([*])(C(=O)N1CCOCC1),C(C(C(=O)N1CCOCC1)[*])[*],Poly(morpholinocarbonylethylene),1.13,0.04,,,,,,,,,,,,,,,,,,,,,
*Oc3ccc(C(=O)c2ccc(Oc1ccc(*)cc1)cc2)cc3,O(C1=CC=C(C=C1)C(=O)C2=CC=C(OC3=CC=C(C=C3)[*])C=C2)[*],Poly(ether ether ketone),1.29,0.03,PEEK,,Zeniva; KetaSpire,,,,,,,,,,,,,,,,,,
*OCCCCOC(=O)c1ccc(C(*)=O)cc1,O(CCCCOC(=O)C1=CC=C(C(=O)[*])C=C1)[*],Poly(butylene terephthalate),1.3,0.01,PBT; PBTP,polytetramethylene terephthalate,Arnite; Beetle; Celanex; Crastin; Deroton; Gafite; Grilpet; Hostadur B; Later; Novodur; Orgater; Pibiter; Pocan; Rynite PBTP; Sniater; Techster T; Tenite; Ultradur; Valox; Vandar; Versel; Vestodur,,,,,,,,,,,,,,,,,,
*Oc2ccc(C(C)(C)c1ccc(OC(*)=O)cc1)cc2,CC(C)(C1=CC=C(O[*])C=C1)C2=CC=C(OC(=O)[*])C=C2,Poly(bisphenol A carbonate),1.2,0,PC,"poly(2,2-bis-(4-phenylene)-propane carbonate); poly(4,4'-isopropylidenediphenylene carbonate); bisphenol A polycarbonate; polycarbonate",Makrolon; Lexan; Iupilon; Merlon; Novarex; Tarflon,,,,,,,,,,,,,,,,,,
*CC(*)C#N,C(C(C#N)[*])[*],Poly(acrylonitrile),1.184,0,PAN,poly-l-cyanoethylene; poly-1-cyanoethylene,Acribel; Acrilan; Courtelle; Creslan; Crylor; Dolan; Dralon; Leacril; Nitron; Nymcrylon; Orlon; Redon; Tacryl; Wolcrylon; Zefran,,,,,,,,,,,,,,,,,,
C1CC2C(O2)CC1COC(=O)C3CCC4C(C3)O4,O=C(OCC1CCC2OC2C1)C3CCC4OC4C3,Cycloaliphatic Epoxy Resin,1.17,0,,"3,4-epoxycyclohexylmethyl-3,4-epoxycyclohexanecarboxylate; cycloaliphatic type epoxy resin",,,,,,,,,,,,,,,,,,,
C=C.C1CC2CC1C=C2,C=C.C1CC2CC1C=C2,Cyclic olefin copolymer,1.02,0.01,COC,Cyclic Olefin Polymer; Ethylene-norbornene Copolymer,Topas; Topas 8007S-04,,,,,,,,,,,,,,,,,,
CC(C)(COCC1CO1)COCC2CO2,CC(C)(COCC1CO1)COCC2CO2,Neopentyl glycol diglycidyl ether,1.04,0,,,Heloxy WC68,,,,,,,,,,,,,,,,,,
*O[Si](*)([R])[R],O([Si]([*])([R])[R])[*],Silicone rubber,1,0.03,PDMS; silicone,polysiloxane; polysiloxanes; polydimethylsiloxane; dimethylsilicone; methylsilicone; dimethylpolysiloxane; dimethicone; Poly(dimethyl siloxane),HIPEC; HIPEC Q1-4939; Sylgard 184,,,,,,,,,,,,,,,,,,
*NC(=O)c4ccc3c(=O)n(c2ccc([R]c1ccc(*)cc1)cc2)c(=O)c3c4,N(C(=O)C1=CC2=C(C=C1)C(=O)N(C2=O)C3=CC=C(C=C3)[R]C4=CC=C(C=C4)[*])[*],Polyamide-imide,1.42,0,PAI,,Torlon; Tritherm B 981-N-42,,,,,,,,,,,,,,,,,,
*C(F)(F)C(*)(F)C(F)(F)F,FC(F)(C(F)(C(F)(F)F)[*])[*],Poly(hexafluoro propylene),1.9,0,PHFP,,,,,,,,,,,,,,,,,,,,
c3cc(N(CC1CO1)CC2CO2)ccc3Cc6ccc(N(CC4CO4)CC5CO5)cc6,C1OC1CN(CC2CO2)C3=CC=C(CC4=CC=C(C=C4)N(CC5CO5)CC6CO6)C=C3,"tetraglycidyl 4,4'-diaminodiphenyl methane",1.16,0.01,TGDDM,"N,N,N',N'-tetraglycidyl-4,4'-diaminodiphenylmethane; Tetraglycidyl diaminosiphenyl methane; 4,4'-tetradiglycidyl diaminodiphenyl methane; 4,4'-Methylenebis(N,N-diglycidylaniline); tetraglycidylmethylene dianiline; 4-[[4-[bis(oxiran-2-ylmethyl)amino]phenyl]methyl]-N,N-bis(oxiran-2-ylmethyl)aniline",Araldite MY721,,,,,,,,,,,,,,,,,,
C1C(O1)CC2=CC(=C(C(=C2N)CC3CO3)CC4CO4)O,NC1=C(CC2CO2)C(=C(O)C=C1CC3CO3)CC4CO4,triglycidyl para-aminophenol,1.22,0,TGPAP,"2,3,5-Triglycidyl-4-aminophenol; 4-amino-2,3,5-tris(oxiran-2-ylmethyl)phenol",Araldite MY0510,,,,,,,,,,,,,,,,,,
CC(c1ccc(OC#N)cc1)c2ccc(OC#N)cc2,CC(C1=CC=C(OC#N)C=C1)C2=CC=C(OC#N)C=C2,Bisphenol E cyanate ester resin,1.2,0,BECy,,EX-1510,,,,,,,,,,,,,,,,,,
*OCCCCOC(=O)c1ccc(C(*)=O)cc1.*OCCCCOC(=O)CCCCC(*)=O,O(CCCCOC(=O)CCCCC(=O)[*])[*].O(CCCCOC(=O)C1=CC=C(C(=O)[*])C=C1)[*],Poly(butylene adipate-co-terephthalate),1.1,0,PBAT,Poly(butylene adipate terephthalate); polybutyrate-adipate-terephthalate; polybutyrate,ecoflex; Wango; Ecoworld; Eastar Bio; Origo-B,,,,,,,,,,,,,,,,,,
*CC(*)C(=O)[O-][Na+],C(C(C(=O)[O-][Na+])[*])[*],Sodium polyacrylate,1.22,0,PANa,Poly(sodium prop-2-enoate); Polyacrylate sodium salt; poly(sodium acrylate); Polyacrylic acid sodium salt,Plexileim,,,,,,,,,,,,,,,,,,
C=CC=C.C=CC1=CC=CC=C1,C=CC=C.C=CC1=CC=CC=C1,Poly(styrene-b-butadiene),0.925,0,SBR; S-SBR; E-SBR; PS-I,styrene-butadiene rubber; poly(butadiene-co-styrene); styrene-butadiene copolymer; poly(styrene-co-butadiene),Neolite; Philprene; Plioflex; Pliolite; Polysar; Buna VSL 5025-2 HM,,,,,,,,,,,,,,,,,,
*CCC(C*)C(=O)O.*CC(*)C#N.*C/C=C/CC.*,C(C(C#N)[*])[*].C(CC(C[*])C(O)=O)[*].C(\C=C\CC)[*],carboxylated acrylonitrile butadiene rubber,0.98,0,XNBR; CNBR,carboxylated poly(butadiene-co-acrylonitrile); carboxylated butadiene-acrylonitrile copolymer,,,,,,,,,,,,,,,,,,,
*c5cccc(c4nc3ccc(c2ccc1nc(*)[nH]c1c2)cc3[nH]4)c5,[NH]1C(=NC2=C1C=C(C=C2)C3=CC4=C(C=C3)N=C([NH]4)C5=CC=CC(=C5)[*])[*],Polybenzimidazole,1.42,0,PBI,"poly[2,2-(m-phenylen)-5,5-bisbenzimidazole]",Celazole; Hozole; Imidite,,,,,,,,,,,,,,,,,,
O=C=N[R1]N=C=O.O[R2]O.O[R3]O,N(=C=O)[R]N=C=O.O[R]O.O[R]O,Thermoplastic polyurethane,1.06,0,TPU,,Epamould; Epaline; Epacol; Pakoflex; Elastollan; Pearlthane; Desmopan; Estane; Pellethane; Irogran; Exelast EC; Laripur; Avalon; Isothane; Zythane; Boost; LUVOSINT,,,,,,,,,,,,,,,,,,
*CC(CC(*)C(=O)OCC(C)O)C(=O)OC(C)CO,C(C(CC(C(=O)OCC(C)O)[*])C(=O)OC(C)CO)[*],Poly(2-hydroxyethyl acrylate),1.29,0,PHEA,Poly(2-hydroxyethyl propenoate),,,,,,,,,,,,,,,,,,,
*NCCC(C)CC(C)(C)CNC(=O)c1ccc(C(*)=O)cc1,*NCCCCCCNC(=O)c1ccc(C(*)=O)cc1,Nylon 6(3)T,1.12,0,PA 6(3)T; PA63T,Poly(trimethyl hexamethylene terephthalamide); polyamide 6(3)T; Poly(trimethyl hexamethylene terephthalamide) resin,,,,,,,,,,,,,,,,,,,
[*]CC[*].C([*])C([*])(OC(=O)C),C(C[*])[*].C(C(OC(C)=O)[*])[*] ,Poly(ethylene-vinyl acetate),0.93,0.01,EVA; PEVA,ethylene-vinyl acetate; Poly(ethylene-co-vinyl acetate); Polyethylene-vinyl acetate copolymer,Elvax 350; Polybond; Elvax,,,,,,,,,,,,,,,,,,
*Oc4ccc(c3ccc(Oc2ccc(S(=O)(=O)c1ccc(*)cc1)cc2)cc3)cc4,O(C1=CC=C(C=C1)C2=CC=C(OC3=CC=C(C=C3)[S](=O)(=O)C4=CC=C(C=C4)[*])C=C2)[*],Polyphenylsulfone,1.29,0,PPSF; PPSU,,Radel; Veriva; Tecason; Veriva VR-500,,,,,,,,,,,,,,,,,,
CC(C)(C1=CC=C(C=C1)OC2=CC(=C(C=C2)C#N)C#N)C3=CC=C(C=C3)OC4=CC(=C(C=C4)C#N)C#N,CC(C)(C1=CC=C(OC2=CC(=C(C=C2)C#N)C#N)C=C1)C3=CC=C(OC4=CC(=C(C=C4)C#N)C#N)C=C3,bisphenol-A phthalonitrile resin,1.2,0,P(Baph); BPA-Ph,"2,2-bis[4-(3,4-dicyanophenoxy)phenyl]propane",,,,,,,,,,,,,,,,,,,
*OCCCCOC(=O)CCC(*)=O,O(CCCCOC(=O)CCC(=O)[*])[*],Polybutylene succinate,1.26,0,PBS,Poly(tetramethylene succinate); poly-butylene succinate,Bionolle; GsPLA,,,,,,,,,,,,,,,,,,
*CC(*)(F)F.*C(F)(F)C(*)(F)C(F)F,C(C(F)(F)[*])[*].FC(F)(C(F)(C(F)F)[*])[*],"Poly(vinylidene fluoride-co-hexafluoropropylene)
",1.78,0,P(VDF-HFP),,Kynar,,,,,,,,,,,,,,,,,,
"*CC(*)(F)F.*C(F)C(*)(F)F.*C(F)(F)C(*)(F)Cl
",C(C(F)(F)[*])[*].FC(C(F)(F)[*])[*].FC(F)(C(F)(Cl)[*])[*],Poly(vinylidene fluoride-co-trifluoroethylene-co-chlorotrifluoroethylene),1.8,0,P(VDF-TrFE-CTFE),,Piezotech RT,,,,,,,,,,,,,,,,,,
*CC(*)(F)F.*C(F)(F)C(*)(F)Cl,C(C(F)(F)[*])[*].FC(F)(C(F)(Cl)[*])[*],Poly(vinylidene fluoride-co-chlorotrifluoroethylene),1.82,0,P(VDF-CTFE),,,,,,,,,,,,,,,,,,,,
*CC(*)c1ccccc1.*CC*.*CC(*)CC.*CC(*)c1ccccc1,C(C[*])[*].C(C(CC)[*])[*].C(C(C1=CC=CC=C1)[*])[*].C(C(C2=CC=CC=C2)[*])[*],Poly[styrene-b-(ethylene-ran-butylene)-b-styrene],0.91,0,S-SEBS; S-EB-S,,,,,,,,,,,,,,,,,,,,
C([*])C([*])(C)(C(=O)OC).C([*])C([*])(C(=O)OCCCC).C([*])C([*])(C)(C(=O)OC),C(C(C(=O)OCCCC)[*])[*].C(C(C)(C(=O)OC)[*])[*].C(C(C)(C(=O)OC)[*])[*],"Poly(methyl methacrylate)-block-poly(n-butyl acrylate)-block-poly(methyl methacrylate)
",1.11,0,PMMA-PnBA-PMMA,,,,,,,,,,,,,,,,,,,,
C([*])C([*])(C)(C(=O)OC).C([*])C([*])(C(=O)OCCCC),C(C(C(=O)OCCCC)[*])[*].C(C(C)(C(=O)OC)[*])[*],Poly(methyl methacrylate)-block-poly(n-butyl acrylate),1.088,0,PMMA-PnBA,,,,,,,,,,,,,,,,,,,,
C([*])C([*])(C)(C(=O)OC).C([*])C([*])(C(=O)OC(C)(C)(C)),C(C(C(=O)OC(C)(C)C)[*])[*].C(C(C)(C(=O)OC)[*])[*],Poly(methyl methacrylate)-block-poly(t-butyl acrylate),1.101,0,PMMA-PtBA,,,,,,,,,,,,,,,,,,,,
*CC(*)c1ccccc1.*CC(*)C#N,C(C(C#N)[*])[*].C(C(C1=CC=CC=C1)[*])[*],Poly(styrene-co-acrylonitrile),1.08,0,"SAN; SAN24
","styrene-acrylonitrile resin
",Luran 358N,,,,,,,,,,,,,,,,,,
*CC*.*CC(*)C.*C1C(*)C/2CC1CC2=C\C,C(C[*])[*].C(C(C)[*])[*].C\C=C/1CC2C(C(C1C2)[*])[*],ethylene propylene diene monomer rubber,1.5,0.6,EPDM; EPDM rubber,ethylene-propylene-ethylidene-norbornene rubber,,,,,,,,,,,,,,,,,,,
*CC(O)COc2ccc(C(C)(C)c1ccc(O*)cc1)cc2,C(C(O)COC1=CC=C(C=C1)C(C)(C)C2=CC=C(O[*])C=C2)[*],Bisphenol-A-epoxy vinyl ester resin,1.12,0.07,VER,epoxy vinyl ester resin; epoxy-based vinyl ester resins; Acrylated Epoxy Resins; Bisphenol-A-Epoxy Vinyl Esters; Phenoxy resin; Polyhydroxyl Ethers,DION 9100; DION 9102; CoREZYN;  CORVE 8100;  CORVE 8300,,,,,,,,,,,,,,,,,,
*Cc1ccc(*)cc1OCC(O)COC(=O)C(=C)C,"C(C1=C(OCC(O)COC(=O)C(C)=C)C=C(C=C1)[*])[*]
",Epoxy novolac viny ester resin,1.09,0.01,NVE,Epoxy novolac vinyl ester; Novolac Epoxy-based Vinyl Ester Resins,CORVE 8730;  CORVE 8740;  CORVE 8500;  CORVE 8180; CoREZYN; F086; XR 2227; XR 4140; XR 4198; NVE-4; NVE-5,,,,,,,,,,,,,,,,,,
"*CC(*)(F)F.*C(F)C(*)(F)F
",C(C(F)(F)[*])[*].FC(C(F)(F)[*])[*],Poly(vinylidene fluoride-co-trifluoroethylene),1.879,0,P(VDF-TrFE),,Solvene,,,,,,,,,,,,,,,,,,
*OCCC(=O)/C=C/C(=O)OCCOC(=O)c1ccccc1C(=O)O*,O(CCC(=O)\C=C\C(=O)OCCOC(=O)C1=C(C=CC=C1)C(O[*])=O)[*],Unsaturated polyester resin,1.17,0.06,UPR,,,,,,,,,,,,,,,,,,,,
*CN([R'])Cc2cc([R]c1cc(*)c(O)c(CN([R'])C*)c1)cc(*)c2O,C(N(CC1=C(O)C(=CC(=C1)[R]C2=CC(=C(O)C(=C2)[*])CN(C[*])[R])[*])[R])[*],Poly(benzoxazine),1.2,0,P(BA-a); Poly(BA-a); BXZ; PBA-a,,ARALDITE MT 35600; ARALDITE MT 35700 BF-BXZ; ARALDITE MT 35900; ARALDITE MT 36000 ,,,,,,,,,,,,,,,,,,
*C(F)(F)CC(F)([R])C(*)(F)F,FC(F)(CC(F)(C(F)(F)[*])[R])[*],Fluoroelastomer,1.85,0,FKM,,Viton,,,,,,,,,,,,,,,,,,
*C/C=C\C*,C(\C=C/C[*])[*],Polybutadiene,0.9,0,BR; PB; PBD,butadiene rubber,Phillips cis-4; Ameripol CB; Budene; Buna; Buna CB; Cariflex BR; Cis; Cisdene; Diene; Europrene Cis; Europrene Sol P; Finaprene Cis; Finaprene PB; Intene; Intolene; JSR-BR; Neocis; Nipol; Phillips cis-4; Solprene; Synpol-EBR; Taktene,,,,,,,,,,,,,,,,,,
*OC2OC(CO[R])C(OC1OC(CO[R])C(*)C(O[R])C1O[R])C(O[R])C2O[R],O(CC1C(C(O[R])C(O[R])C(O1)OC2C(O[R])C(O[R])C(O[*])OC2CO[R])[*])[R],Cellulose acetate butyrate,1.25,0,CAB,Cabufocon; cellulose aceto-butyrate,,,,,,,,,,,,,,,,,,,
C(C1C2C(C(C(O1)OC3C(OC(C(C3O)O)OC4C(OC(C(C4O)O)OC5C(OC(C(C5O)O)OC6C(OC(C(C6O)O)OC7C(OC(O2)C(C7O)O)CO)CO)CO)CO)CO)O)O)O.*CCO*,C(CO[*])[*].OCC1OC2OC3C(O)C(O)C(OC3CO)OC4C(O)C(O)C(OC4CO)OC5C(O)C(O)C(OC5CO)OC6C(O)C(O)C(OC6CO)OC7C(O)C(O)C(OC7CO)OC1C(O)C2O,Polyrotaxane,1.3,0,PRX; PR,,,,,,,,,,,,,,,,,,,,
*OCC3CC(O)C(O)C(OC2C(O)C(O)C(OC1C(O)C(O)C(O*)OC1CO)OC2CO)O3,O(CC1CC(O)C(O)C(O1)OC2C(O)C(O)C(OC2CO)OC3C(O)C(O)C(O[*])OC3CO)[*],Pullulan,1.5,0.1,,E1204,,,,,,,,,,,,,,,,,,,
C(C(C1=CC=NC=C1)[*])[*],C(C(C1=CC=NC=C1)[*])[*],Poly(4-vinyl pyridine),1.1,0,P4VP,4-Vinylpyridine polymer; Poly(p-vinyl pyridine),,,,,,,,,,,,,,,,,,,
*Nc2ccc(NC(=O)c1ccc(C(*)=O)cc1)cc2,N(C1=CC=C(NC(=O)C2=CC=C(C(=O)[*])C=C2)C=C1)[*],Poly(paraphenylene terephthalamide),1.44,0,,"Poly(p-phenylene terephthalamide); Poly(p-phenylenediamine-terephthalic acid amide); Poly(imino-1,4-phenyleneiminocarbonyl-1,4-phenylenecarbonyl)                
                
                    ",Kevlar,,,,,,,,,,,,,,,,,,
*C(=O)c3ccc(C(=O)c2ccc(Oc1ccc(*)cc1)cc2)cc3,O=C(C1=CC=C(C=C1)C(=O)C2=CC=C(OC3=CC=C(C=C3)[*])C=C2)[*],Polyetherketoneketone,1.28,0,PEKK,"Poly(1,4-phenyleneoxy-1,4-phenylenecarbonyl-1,4-phenylenecarbonyl); (Poly-Ether-Ketone-Ketone)",Kepstan,,,,,,,,,,,,,,,,,,
*CC(*)C#N.*CC=CC*.*CC(*)C1=CC=CC=C1,C(C(C#N)[*])[*].C(C(C1=CC=CC=C1)[*])[*].C(C=CC[*])[*],Acrylonitrile butadiene styrene,1.07,0.01,ABS,poly(acrylonitrile-butadiene-styrene); ABS resin,Novodur,,,,,,,,,,,,,,,,,,
C(CCOCC1CO1)COCC2CO2,C(CCOCC1CO1)COCC2CO2,DGEBD Epoxy Resin,1.1,0,DGEBD,"diglycidyl ether of 1,4-butanediol; 1,4-Butanediol diglycidyl ether",,,,,,,,,,,,,,,,,,,
,,Epoxy,,,,"Epoxy; Epoxy resin",,,,,,,,,,,,,,,,,,,